{
"type": "FeatureCollection",
"name": "WellingtonPark_ManagementZones",
"features": [
{"type":"Feature","properties":{"fid":1,"OBJECTID":1,"Management_Zone":"Recreation Zone","Area":"Lachlan River","Shape_Length":2915.6018894181111,"Shape_Area":189433.48366060687,"AF_CONF":70,"Management_Authority":"Wellington Park Management Trust","Management_Plan":"Wellington Park Management Plan","Zone_Name":"Recreation Zone - Lachlan River"},"geometry":{"type":"MultiPolygon","coordinates":[[[[147.0274156,-42.8677274],[147.027014,-42.8686923],[147.026868,-42.869043],[147.0268522,-42.8690865],[147.0268552,-42.8690869],[147.029906,-42.869528],[147.0299235,-42.8695664],[147.0303578,-42.8705202],[147.0303353,-42.8706259],[147.0302814,-42.8708792],[147.0296589,-42.8707897],[147.0290759,-42.8707059],[147.028524,-42.8727257],[147.0278433,-42.8752166],[147.0298066,-42.8755084],[147.030087,-42.8755501],[147.030087,-42.87555],[147.0310924,-42.8730269],[147.0310923,-42.8730266],[147.0310988,-42.8724801],[147.0311124,-42.8713485],[147.0311224,-42.8713011],[147.0311273,-42.8712781],[147.0311912,-42.8709763],[147.0313564,-42.8703421],[147.0313564,-42.8703419],[147.0310973,-42.8700038],[147.0307668,-42.8695725],[147.0307632,-42.8695307],[147.0306963,-42.8687527],[147.0306514,-42.8683112],[147.030645,-42.8682486],[147.0306428,-42.8682271],[147.030631,-42.868227],[147.0306006,-42.8682268],[147.0303734,-42.8682252],[147.029849,-42.8682215],[147.029573,-42.8680184],[147.0291955,-42.8677407],[147.0291412,-42.8673099],[147.0291412,-42.8673095],[147.0294143,-42.8671982],[147.0295627,-42.8671377],[147.0296469,-42.8671034],[147.0298158,-42.8670346],[147.0299012,-42.8669998],[147.030036,-42.8669448],[147.0300363,-42.8669447],[147.029944,-42.8662216],[147.0288584,-42.8660545],[147.0284942,-42.8659985],[147.0284174,-42.8659861],[147.0283448,-42.8659745],[147.0281592,-42.8659422],[147.0281589,-42.8659419],[147.0274156,-42.8677274]]]]}},
{"type":"Feature","properties":{"fid":2,"OBJECTID":2,"Management_Zone":"Recreation Zone (The Springs Specific Area)","Area":"The Springs","Shape_Length":1816.7472215861806,"Shape_Area":160436.32923685666,"AF_CONF":-1,"Management_Authority":"Wellington Park Management Trust","Management_Plan":"Wellington Park Management Plan","Zone_Name":"The Springs Specific Area"},"geometry":{"type":"MultiPolygon","coordinates":[[[[147.250522,-42.914517],[147.25027,-42.914464],[147.250096,-42.914396],[147.249814,-42.914296],[147.249707,-42.914233],[147.24924,-42.913864],[147.24906,-42.913715],[147.248887,-42.913616],[147.248451,-42.913439],[147.248135,-42.913348],[147.247734,-42.913236],[147.247601,-42.913177],[147.247541,-42.913127],[147.247501,-42.913083],[147.247443,-42.912996],[147.245652,-42.913439],[147.2456187,-42.9134473],[147.245608,-42.91345],[147.244873,-42.913632],[147.2444243,-42.9143478],[147.244082,-42.914894],[147.244876,-42.915659],[147.246536,-42.91588],[147.248251,-42.915831],[147.249171,-42.916189],[147.249966,-42.916764],[147.2506,-42.91717],[147.250672,-42.917249],[147.250878,-42.917351],[147.250974,-42.917253],[147.250974,-42.91722],[147.250974,-42.917124],[147.250969,-42.916988],[147.251028,-42.916562],[147.251655,-42.915762],[147.251872,-42.915525],[147.252,-42.915381],[147.252277,-42.915082],[147.252308,-42.914977],[147.252331,-42.914845],[147.252263,-42.914758],[147.252128,-42.914667],[147.251997,-42.914611],[147.251638,-42.91454],[147.251376,-42.914526],[147.250982,-42.914533],[147.250732,-42.914536],[147.250522,-42.914517]]]]}},
{"type":"Feature","properties":{"fid":3,"OBJECTID":3,"Management_Zone":"Recreation Zone","Area":"Myrtle Forest Creek","Shape_Length":2620.820460044878,"Shape_Area":371864.88536659424,"AF_CONF":80,"Management_Authority":"Wellington Park Management Trust","Management_Plan":"Wellington Park Management Plan","Zone_Name":"Recreation Zone - Myrtle Forest Creek"},"geometry":{"type":"MultiPolygon","coordinates":[[[[147.1600292,-42.864811],[147.1600292,-42.8648109],[147.1614243,-42.8601692],[147.1614805,-42.8599845],[147.1614863,-42.8599675],[147.1602355,-42.8597769],[147.1597065,-42.8596963],[147.1597065,-42.8596961],[147.1599471,-42.8588263],[147.1599568,-42.8587912],[147.1599619,-42.8587728],[147.1600176,-42.8585695],[147.1602379,-42.8577905],[147.1603042,-42.8575557],[147.1558785,-42.8568279],[147.155306,-42.8591518],[147.153704,-42.863581],[147.159694,-42.864779],[147.1600226,-42.8648331],[147.1600292,-42.864811]]]]}},
{"type":"Feature","properties":{"fid":4,"OBJECTID":4,"Management_Zone":"Drinking Water Catchment Zone","Area":"Limekiln Gully","Shape_Length":3999.4707095415001,"Shape_Area":1075020.414349843,"AF_CONF":63,"Management_Authority":"Wellington Park Management Trust","Management_Plan":"Wellington Park Management Plan","Zone_Name":"Drinking Water Catchment Zone - Limekiln Gully"},"geometry":{"type":"MultiPolygon","coordinates":[[[[147.256026,-42.8599635],[147.255815,-42.859939],[147.254682,-42.859569],[147.253282,-42.859346],[147.252373,-42.859421],[147.250423,-42.85936],[147.249471,-42.859493],[147.249145,-42.859822],[147.248998,-42.860305],[147.248316,-42.861117],[147.247545,-42.861907],[147.246446,-42.862501],[147.245734,-42.86305],[147.244487,-42.864082],[147.243597,-42.864894],[147.242945,-42.865662],[147.242648,-42.866673],[147.242505,-42.867701],[147.242506,-42.868188],[147.243392,-42.868836],[147.244497,-42.86932],[147.246684,-42.869926],[147.248234,-42.870207],[147.248846,-42.87015],[147.249723,-42.870226],[147.252553,-42.870636],[147.25294,-42.870504],[147.253326,-42.870174],[147.25377,-42.86956],[147.254096,-42.869318],[147.254979,-42.86877],[147.25498,-42.86877],[147.2552159,-42.8687758],[147.2553997,-42.8686585],[147.2556324,-42.8685101],[147.2560249,-42.8684624],[147.2562838,-42.868431],[147.2560547,-42.8674677],[147.2560438,-42.8674079],[147.2560459,-42.8673918],[147.256046,-42.867391],[147.256046,-42.8673908],[147.2560821,-42.8672685],[147.2566063,-42.8654913],[147.2564058,-42.864672],[147.2564036,-42.864663],[147.2563062,-42.8643067],[147.256407,-42.8639782],[147.2568646,-42.8624869],[147.2572345,-42.8618392],[147.2572619,-42.8617913],[147.2572619,-42.8617913],[147.2569959,-42.8609073],[147.2565926,-42.8605148],[147.256026,-42.8599635]]]]}},
{"type":"Feature","properties":{"fid":5,"OBJECTID":5,"Management_Zone":"Remote Zone","Area":null,"Shape_Length":20302.285909927705,"Shape_Area":14664194.632226147,"AF_CONF":50,"Management_Authority":"Wellington Park Management Trust","Management_Plan":"Wellington Park Management Plan","Zone_Name":"Remote Zone"},"geometry":{"type":"MultiPolygon","coordinates":[[[[147.105707,-42.866764],[147.105714,-42.866744],[147.105627,-42.86675],[147.105575,-42.866752],[147.105497,-42.866748],[147.105265,-42.866727],[147.105236,-42.866724],[147.104973,-42.86669],[147.104972,-42.86669],[147.104581,-42.866639],[147.104265,-42.866607],[147.104236,-42.866603],[147.103976,-42.866567],[147.103624,-42.86654],[147.103495,-42.866519],[147.103224,-42.866453],[147.103048,-42.866422],[147.102846,-42.866395],[147.102614,-42.866375],[147.102582,-42.866372],[147.102448,-42.866356],[147.102382,-42.866345],[147.102272,-42.866322],[147.102187,-42.8663],[147.102082,-42.866265],[147.102028,-42.866251],[147.10184,-42.866218],[147.101711,-42.866205],[147.101706,-42.866205],[147.101542,-42.866188],[147.101344,-42.86618],[147.101233,-42.866168],[147.101079,-42.86614],[147.101023,-42.866128],[147.100914,-42.866101],[147.100808,-42.866065],[147.100615,-42.865937],[147.100596,-42.865918],[147.100565,-42.865893],[147.100483,-42.865812],[147.100432,-42.865729],[147.100403,-42.865665],[147.100374,-42.865569],[147.100357,-42.865452],[147.100355,-42.865435],[147.100348,-42.865353],[147.100345,-42.865336],[147.100343,-42.865334],[147.100341,-42.865333],[147.100223,-42.865274],[147.100066,-42.865162],[147.099804,-42.864893],[147.099654,-42.86475],[147.099607,-42.864699],[147.099593,-42.86468],[147.099512,-42.864565],[147.099313,-42.864298],[147.099194,-42.864153],[147.098971,-42.864012],[147.098839,-42.863896],[147.09881,-42.863854],[147.09875,-42.863755],[147.098721,-42.863697],[147.098678,-42.863588],[147.098654,-42.863475],[147.098649,-42.863352],[147.098649,-42.863341],[147.098649,-42.863314],[147.098621,-42.863294],[147.09841,-42.863204],[147.098303,-42.863146],[147.09809,-42.863001],[147.097974,-42.862896],[147.097908,-42.862775],[147.097875,-42.862671],[147.097824,-42.86257],[147.097802,-42.862514],[147.097724,-42.862261],[147.097639,-42.862027],[147.097626,-42.861981],[147.097597,-42.861842],[147.097589,-42.86178],[147.097588,-42.8617],[147.097545,-42.86163],[147.097518,-42.861569],[147.09749,-42.861509],[147.097391,-42.861404],[147.097374,-42.861385],[147.097293,-42.861287],[147.097187,-42.861189],[147.097143,-42.861143],[147.09706,-42.861044],[147.096991,-42.860991],[147.096901,-42.860904],[147.096841,-42.8608],[147.096813,-42.860726],[147.09677,-42.860659],[147.096755,-42.860649],[147.096654,-42.860575],[147.096607,-42.860536],[147.096548,-42.860482],[147.096498,-42.860428],[147.09649,-42.860417],[147.096455,-42.86037],[147.096395,-42.860251],[147.096377,-42.86019],[147.096363,-42.860095],[147.096363,-42.860092],[147.096364,-42.859988],[147.096365,-42.859956],[147.096388,-42.859735],[147.096412,-42.85964],[147.096483,-42.859468],[147.096484,-42.859441],[147.096428,-42.859395],[147.096355,-42.859321],[147.096312,-42.859255],[147.096254,-42.859141],[147.096246,-42.859125],[147.096212,-42.859051],[147.096196,-42.859008],[147.096159,-42.858888],[147.09603,-42.858838],[147.095903,-42.858795],[147.095851,-42.858775],[147.095757,-42.858726],[147.095665,-42.858668],[147.095559,-42.858582],[147.095505,-42.858523],[147.09548,-42.858494],[147.095407,-42.858348],[147.095395,-42.858296],[147.095385,-42.858217],[147.095394,-42.858142],[147.095423,-42.858016],[147.095444,-42.857956],[147.095356,-42.857769],[147.095334,-42.85771],[147.095262,-42.857452],[147.095253,-42.857409],[147.095215,-42.857139],[147.095161,-42.85697],[147.095145,-42.856868],[147.095145,-42.856853],[147.095153,-42.856668],[147.095158,-42.856624],[147.095174,-42.856537],[147.095165,-42.856522],[147.095024,-42.856276],[147.09498,-42.856152],[147.094951,-42.855958],[147.094925,-42.855833],[147.094918,-42.855766],[147.09492,-42.855732],[147.094943,-42.855507],[147.094951,-42.855398],[147.094955,-42.855364],[147.094987,-42.855184],[147.094982,-42.854963],[147.094982,-42.854957],[147.094986,-42.854907],[147.094997,-42.854833],[147.094978,-42.854819],[147.094957,-42.854806],[147.094867,-42.854736],[147.094841,-42.85471],[147.094799,-42.854664],[147.094785,-42.854645],[147.094726,-42.854561],[147.094633,-42.854447],[147.09463,-42.854442],[147.094611,-42.854417],[147.094431,-42.854149],[147.094414,-42.854122],[147.094308,-42.853934],[147.094116,-42.853653],[147.09399,-42.853514],[147.093738,-42.853335],[147.093699,-42.853305],[147.093606,-42.853226],[147.093584,-42.853206],[147.093489,-42.853114],[147.09346,-42.853083],[147.093408,-42.853023],[147.093394,-42.853006],[147.09337,-42.852973],[147.093305,-42.852871],[147.09329,-42.852855],[147.093273,-42.852834],[147.093239,-42.852785],[147.093132,-42.852599],[147.093122,-42.852584],[147.093067,-42.852527],[147.093033,-42.852497],[147.092805,-42.852431],[147.09272,-42.85241],[147.092665,-42.852399],[147.092568,-42.852388],[147.092294,-42.852374],[147.092251,-42.852371],[147.091954,-42.85234],[147.091947,-42.852339],[147.091701,-42.852312],[147.09162,-42.852299],[147.091407,-42.852253],[147.091397,-42.852251],[147.091136,-42.852191],[147.090793,-42.852119],[147.090761,-42.852112],[147.090528,-42.852053],[147.090226,-42.851985],[147.090223,-42.851984],[147.089901,-42.851911],[147.089777,-42.851871],[147.089678,-42.851819],[147.089589,-42.851762],[147.089561,-42.851748],[147.08941,-42.851641],[147.089372,-42.851603],[147.089336,-42.851563],[147.089296,-42.851501],[147.089263,-42.851439],[147.089237,-42.851377],[147.089168,-42.85116],[147.089081,-42.851115],[147.088982,-42.851051],[147.088884,-42.850972],[147.088841,-42.850939],[147.088782,-42.850887],[147.088705,-42.850806],[147.088684,-42.850787],[147.088621,-42.850776],[147.088612,-42.850775],[147.088345,-42.850726],[147.088207,-42.850687],[147.088065,-42.850632],[147.088045,-42.850624],[147.087874,-42.850517],[147.087786,-42.850437],[147.087732,-42.850379],[147.087729,-42.850376],[147.087675,-42.850305],[147.087658,-42.850282],[147.087584,-42.850171],[147.087438,-42.850047],[147.08733,-42.849993],[147.087299,-42.849976],[147.086779,-42.849676],[147.086742,-42.849652],[147.086583,-42.849544],[147.08653,-42.849504],[147.086449,-42.849433],[147.086346,-42.849397],[147.086284,-42.84938],[147.086267,-42.849376],[147.086221,-42.849371],[147.085785,-42.849345],[147.085716,-42.849338],[147.085572,-42.849317],[147.085483,-42.849298],[147.085378,-42.84927],[147.085327,-42.849255],[147.084934,-42.849119],[147.084895,-42.849105],[147.084766,-42.849052],[147.084759,-42.849049],[147.084695,-42.849018],[147.084437,-42.848874],[147.084215,-42.848759],[147.084181,-42.84874],[147.08411,-42.848697],[147.084071,-42.848672],[147.084003,-42.848624],[147.083705,-42.84846],[147.083664,-42.848435],[147.083055,-42.848033],[147.082704,-42.847807],[147.082158,-42.84746],[147.071907,-42.852743],[147.071604,-42.852998],[147.071445,-42.853533],[147.071283,-42.854188],[147.071058,-42.854803],[147.070908,-42.854988],[147.069963,-42.855826],[147.069945,-42.855835],[147.0699445,-42.8558353],[147.0699444,-42.8558356],[147.0697861,-42.8565745],[147.0697825,-42.8565916],[147.0697821,-42.8565916],[147.0696305,-42.856574],[147.0688176,-42.8564799],[147.0681562,-42.8564033],[147.0681554,-42.8564032],[147.067739,-42.856563],[147.067425,-42.856644],[147.067085,-42.856693],[147.066784,-42.856762],[147.066587,-42.856815],[147.066011,-42.85683],[147.065878,-42.856846],[147.065725,-42.856893],[147.0653,-42.857069],[147.065053,-42.857135],[147.064854,-42.857217],[147.064779,-42.857272],[147.064592,-42.857524],[147.064402,-42.857875],[147.063975,-42.858664],[147.063896,-42.85897],[147.063929,-42.859493],[147.063833,-42.860161],[147.063701,-42.860475],[147.0636,-42.860716],[147.063391,-42.861078],[147.062904,-42.861739],[147.062426,-42.862286],[147.061801,-42.862898],[147.061393,-42.863333],[147.060866,-42.863996],[147.060379,-42.864536],[147.059785,-42.865323],[147.059694,-42.865495],[147.059529,-42.865674],[147.059239,-42.865852],[147.059091,-42.865899],[147.058967,-42.865957],[147.058803,-42.866063],[147.058731,-42.86617],[147.058743,-42.866463],[147.05878,-42.866713],[147.058773,-42.866893],[147.058701,-42.867072],[147.058567,-42.867208],[147.058457,-42.867275],[147.058284,-42.867307],[147.058024,-42.867292],[147.057881,-42.867243],[147.057475,-42.867183],[147.057338,-42.867147],[147.057174,-42.867115],[147.056749,-42.867006],[147.056582,-42.866977],[147.056086,-42.86691],[147.05525,-42.866869],[147.055061,-42.866828],[147.054915,-42.866756],[147.054725,-42.866701],[147.054222,-42.866611],[147.054147,-42.866609],[147.05384,-42.866681],[147.053554,-42.866691],[147.053193,-42.866703],[147.05273,-42.866761],[147.052551,-42.86681],[147.052259,-42.866906],[147.051735,-42.867064],[147.0512,-42.867239],[147.050794,-42.867417],[147.050631,-42.867494],[147.050056,-42.867621],[147.049841,-42.867692],[147.049671,-42.867788],[147.049549,-42.86789],[147.049464,-42.867963],[147.049641,-42.86799],[147.049815,-42.868005],[147.050023,-42.868044],[147.050188,-42.868095],[147.050474,-42.868194],[147.050619,-42.868295],[147.050741,-42.868489],[147.05078,-42.868602],[147.050804,-42.868946],[147.05084,-42.869042],[147.050926,-42.869112],[147.051042,-42.869241],[147.051101,-42.869385],[147.051088,-42.869521],[147.051005,-42.869628],[147.050848,-42.869776],[147.050729,-42.869869],[147.050235,-42.870413],[147.04981,-42.870998],[147.049556,-42.871321],[147.049535,-42.87152],[147.04961,-42.872105],[147.049623,-42.872336],[147.049664,-42.872503],[147.049725,-42.872609],[147.049955,-42.872917],[147.050126,-42.873117],[147.050205,-42.873178],[147.050827,-42.873543],[147.050921,-42.873619],[147.050998,-42.873751],[147.051037,-42.873895],[147.051045,-42.874137],[147.051002,-42.87456],[147.051664,-42.874416],[147.051836,-42.87433],[147.052081,-42.874271],[147.052359,-42.874239],[147.052464,-42.874266],[147.052533,-42.874304],[147.052607,-42.874359],[147.052693,-42.874442],[147.053,-42.874911],[147.053368,-42.875057],[147.053508,-42.875081],[147.05369,-42.875037],[147.054689,-42.874645],[147.055582,-42.874387],[147.056606,-42.875365],[147.057274,-42.876106],[147.057396,-42.876183],[147.057923,-42.876547],[147.058168,-42.876817],[147.058385,-42.877626],[147.058561,-42.877763],[147.059014,-42.877817],[147.059553,-42.877771],[147.059871,-42.877807],[147.060092,-42.877906],[147.060545,-42.878284],[147.060753,-42.878392],[147.061072,-42.878455],[147.061305,-42.878536],[147.0615,-42.878536],[147.061856,-42.878634],[147.062162,-42.878797],[147.063039,-42.879571],[147.063229,-42.880192],[147.063572,-42.881146],[147.063781,-42.881515],[147.064329,-42.882314],[147.064713,-42.882992],[147.064701,-42.883244],[147.064469,-42.883424],[147.064347,-42.883667],[147.064342,-42.884481],[147.064348,-42.88545],[147.064252,-42.885829],[147.064202,-42.886099],[147.063872,-42.88672],[147.063432,-42.887171],[147.062894,-42.887846],[147.062466,-42.888046],[147.061877,-42.888279],[147.061363,-42.888379],[147.060237,-42.888694],[147.059796,-42.888884],[147.059307,-42.889271],[147.059086,-42.889487],[147.058965,-42.889974],[147.059002,-42.890388],[147.058916,-42.890748],[147.058464,-42.891397],[147.058109,-42.892099],[147.057326,-42.892811],[147.056702,-42.893226],[147.056359,-42.893586],[147.056657,-42.893995],[147.056788,-42.893943],[147.056865,-42.893918],[147.057091,-42.893855],[147.057214,-42.893806],[147.057308,-42.893757],[147.057411,-42.893657],[147.057449,-42.893624],[147.057599,-42.893504],[147.057743,-42.89342],[147.057821,-42.893394],[147.05783,-42.893368],[147.057891,-42.893232],[147.057924,-42.893136],[147.057942,-42.893072],[147.058012,-42.892939],[147.058231,-42.892776],[147.058323,-42.892736],[147.058328,-42.892734],[147.058624,-42.892673],[147.058866,-42.89267],[147.059103,-42.892664],[147.059124,-42.892664],[147.059253,-42.892674],[147.059371,-42.892692],[147.059478,-42.892694],[147.059708,-42.892674],[147.059813,-42.892664],[147.059842,-42.892662],[147.060267,-42.89264],[147.06031,-42.892639],[147.060349,-42.89264],[147.060614,-42.892652],[147.06076,-42.892635],[147.060787,-42.892632],[147.061048,-42.89261],[147.061111,-42.892607],[147.06133,-42.892605],[147.061343,-42.892586],[147.061387,-42.892538],[147.061392,-42.892533],[147.061408,-42.892503],[147.061422,-42.892481],[147.061482,-42.892387],[147.061467,-42.892335],[147.061396,-42.892159],[147.061371,-42.892032],[147.06145,-42.891811],[147.061488,-42.891761],[147.061491,-42.891757],[147.061557,-42.891689],[147.061659,-42.891601],[147.061667,-42.891594],[147.061774,-42.891506],[147.061899,-42.891428],[147.062089,-42.891337],[147.062289,-42.891231],[147.062511,-42.891107],[147.062574,-42.891076],[147.062608,-42.891063],[147.062817,-42.890987],[147.062887,-42.890946],[147.062931,-42.890923],[147.063072,-42.890855],[147.0631,-42.890843],[147.063189,-42.890812],[147.063414,-42.890749],[147.063418,-42.890747],[147.063561,-42.890656],[147.063656,-42.890606],[147.063747,-42.890574],[147.06407,-42.890484],[147.064107,-42.890475],[147.064266,-42.890439],[147.064355,-42.890424],[147.064598,-42.890397],[147.064959,-42.890357],[147.065051,-42.890351],[147.065082,-42.890352],[147.065326,-42.890361],[147.06554,-42.890397],[147.065681,-42.890442],[147.065727,-42.890459],[147.065886,-42.890521],[147.065902,-42.890528],[147.065913,-42.890533],[147.066038,-42.890588],[147.066072,-42.890598],[147.066124,-42.890606],[147.066242,-42.890621],[147.06644,-42.890624],[147.066716,-42.890608],[147.06717,-42.890577],[147.067227,-42.890575],[147.067521,-42.890575],[147.067583,-42.890571],[147.067629,-42.890519],[147.06776,-42.890412],[147.067808,-42.890384],[147.067894,-42.890311],[147.067964,-42.890253],[147.06793,-42.890217],[147.067905,-42.890188],[147.067859,-42.890114],[147.067761,-42.889912],[147.067735,-42.889842],[147.067717,-42.889771],[147.067692,-42.889713],[147.067634,-42.889622],[147.067593,-42.889531],[147.067556,-42.889409],[147.067541,-42.889312],[147.067572,-42.88917],[147.067609,-42.889089],[147.06766,-42.889006],[147.067808,-42.88888],[147.067899,-42.888826],[147.067902,-42.888824],[147.068018,-42.888756],[147.068105,-42.888706],[147.068177,-42.88867],[147.068268,-42.888652],[147.068296,-42.888625],[147.068375,-42.88856],[147.068514,-42.888476],[147.068606,-42.888436],[147.068673,-42.8884],[147.068729,-42.888379],[147.06903,-42.888279],[147.069282,-42.888239],[147.069445,-42.888239],[147.069521,-42.888243],[147.069655,-42.888255],[147.069755,-42.88827],[147.069922,-42.888307],[147.069945,-42.888313],[147.070104,-42.888352],[147.070163,-42.888371],[147.070167,-42.88837],[147.07018,-42.888368],[147.070385,-42.888337],[147.070414,-42.888333],[147.070631,-42.888308],[147.070685,-42.888304],[147.07079,-42.888299],[147.070866,-42.888263],[147.07089,-42.888253],[147.071034,-42.888208],[147.071217,-42.888171],[147.071326,-42.888093],[147.071448,-42.888025],[147.071481,-42.888012],[147.0717,-42.887932],[147.071763,-42.887912],[147.071811,-42.887899],[147.071917,-42.887844],[147.071964,-42.887821],[147.072162,-42.887768],[147.072385,-42.887739],[147.072626,-42.887687],[147.072701,-42.887674],[147.072885,-42.887652],[147.072982,-42.887647],[147.073081,-42.887653],[147.07325,-42.887673],[147.073337,-42.887676],[147.073363,-42.887672],[147.073481,-42.887631],[147.073527,-42.887612],[147.073653,-42.887533],[147.073657,-42.887531],[147.073784,-42.887452],[147.073892,-42.887365],[147.074038,-42.887279],[147.074051,-42.887274],[147.074188,-42.887218],[147.074344,-42.887175],[147.074512,-42.887146],[147.074708,-42.887086],[147.074834,-42.887059],[147.075149,-42.887017],[147.075222,-42.887011],[147.075809,-42.886986],[147.075844,-42.886985],[147.075858,-42.886985],[147.076102,-42.886989],[147.076262,-42.886981],[147.076436,-42.886921],[147.076554,-42.886862],[147.076657,-42.88678],[147.076801,-42.886696],[147.076834,-42.886683],[147.076981,-42.886629],[147.077184,-42.886552],[147.077302,-42.886519],[147.077427,-42.886494],[147.07749,-42.886433],[147.077608,-42.886347],[147.077775,-42.886255],[147.077837,-42.886225],[147.078013,-42.886175],[147.078215,-42.886142],[147.07823,-42.88614],[147.078541,-42.886096],[147.078935,-42.88599],[147.079151,-42.885903],[147.079329,-42.88583],[147.079349,-42.885822],[147.079537,-42.885751],[147.079647,-42.885719],[147.079948,-42.885656],[147.080064,-42.88562],[147.080117,-42.885592],[147.080114,-42.885525],[147.080114,-42.885512],[147.080134,-42.885396],[147.080188,-42.885246],[147.080248,-42.885139],[147.080319,-42.885047],[147.080321,-42.885044],[147.080362,-42.884999],[147.080487,-42.884876],[147.080497,-42.884867],[147.080641,-42.884732],[147.080747,-42.884618],[147.080757,-42.884608],[147.080878,-42.884485],[147.080889,-42.884473],[147.081019,-42.88435],[147.081102,-42.884272],[147.081185,-42.884153],[147.081198,-42.884136],[147.081221,-42.88411],[147.081342,-42.883977],[147.08135,-42.883968],[147.081469,-42.883845],[147.081581,-42.883707],[147.081605,-42.883643],[147.081604,-42.883524],[147.081604,-42.883389],[147.081587,-42.883272],[147.081583,-42.883223],[147.081592,-42.883144],[147.081613,-42.883058],[147.081686,-42.882912],[147.081732,-42.882861],[147.081832,-42.882766],[147.081965,-42.882673],[147.082091,-42.882608],[147.082136,-42.882587],[147.082158,-42.882578],[147.082246,-42.882544],[147.08253,-42.882493],[147.082567,-42.882494],[147.082674,-42.882498],[147.082696,-42.882499],[147.082802,-42.882507],[147.082922,-42.882524],[147.083018,-42.882546],[147.083091,-42.882565],[147.083249,-42.882618],[147.083305,-42.882639],[147.083404,-42.88269],[147.083542,-42.882779],[147.083559,-42.882791],[147.083692,-42.882883],[147.083962,-42.883024],[147.084137,-42.883165],[147.084179,-42.883229],[147.084254,-42.883372],[147.084394,-42.883585],[147.084589,-42.88384],[147.084611,-42.883871],[147.084776,-42.884133],[147.084906,-42.884287],[147.084916,-42.884299],[147.084938,-42.88433],[147.085085,-42.884554],[147.085143,-42.884711],[147.085157,-42.88483],[147.085278,-42.884844],[147.085511,-42.884862],[147.085537,-42.884864],[147.085749,-42.884888],[147.085855,-42.884907],[147.086072,-42.884961],[147.086311,-42.885013],[147.086526,-42.885049],[147.086823,-42.885091],[147.086916,-42.885111],[147.087169,-42.885179],[147.087488,-42.885223],[147.087676,-42.885242],[147.087842,-42.885256],[147.087985,-42.885282],[147.088241,-42.885352],[147.088331,-42.885384],[147.088367,-42.8854],[147.088583,-42.885506],[147.088763,-42.885576],[147.088946,-42.885615],[147.089189,-42.885658],[147.089207,-42.885662],[147.089345,-42.885689],[147.08949,-42.885733],[147.089561,-42.885769],[147.089695,-42.885845],[147.089811,-42.885932],[147.090012,-42.886132],[147.090029,-42.88615],[147.090141,-42.886274],[147.090296,-42.886391],[147.090414,-42.88646],[147.090511,-42.886496],[147.090686,-42.88653],[147.090923,-42.886551],[147.090927,-42.886551],[147.091152,-42.886573],[147.091392,-42.886573],[147.091533,-42.886585],[147.091738,-42.88662],[147.091967,-42.886654],[147.092266,-42.886679],[147.092357,-42.886692],[147.092689,-42.886759],[147.092819,-42.886772],[147.093049,-42.886756],[147.093109,-42.886753],[147.09316,-42.886755],[147.093506,-42.886776],[147.093788,-42.88675],[147.093848,-42.886746],[147.094152,-42.88674],[147.094168,-42.88674],[147.094392,-42.886771],[147.094528,-42.886809],[147.09462,-42.886815],[147.094773,-42.886816],[147.094795,-42.886816],[147.094983,-42.886822],[147.095192,-42.886856],[147.095343,-42.886902],[147.095537,-42.886961],[147.095767,-42.887013],[147.095826,-42.887029],[147.096026,-42.887091],[147.096167,-42.887113],[147.096196,-42.887118],[147.096418,-42.887162],[147.096451,-42.887169],[147.096667,-42.887221],[147.096704,-42.887231],[147.096922,-42.887296],[147.096929,-42.887298],[147.097238,-42.887393],[147.097263,-42.887401],[147.097505,-42.887485],[147.097769,-42.887529],[147.09784,-42.887544],[147.098139,-42.887622],[147.098359,-42.887656],[147.098388,-42.88766],[147.098551,-42.887691],[147.098705,-42.887737],[147.09878,-42.887774],[147.098923,-42.887857],[147.098975,-42.887891],[147.099132,-42.888007],[147.099274,-42.888097],[147.09932,-42.888129],[147.0995,-42.888271],[147.099554,-42.888319],[147.099676,-42.888447],[147.099907,-42.888644],[147.099956,-42.888692],[147.100119,-42.888876],[147.100134,-42.888894],[147.100188,-42.888962],[147.100271,-42.889043],[147.100294,-42.889066],[147.100326,-42.889102],[147.100355,-42.889124],[147.10036,-42.889128],[147.100484,-42.889227],[147.100546,-42.889265],[147.10055,-42.889266],[147.100574,-42.889251],[147.100641,-42.889227],[147.10065,-42.889224],[147.100693,-42.889195],[147.100738,-42.889166],[147.100837,-42.889111],[147.100902,-42.889059],[147.100982,-42.889005],[147.10121,-42.888878],[147.101307,-42.888817],[147.101397,-42.888771],[147.101422,-42.888761],[147.101543,-42.888715],[147.10166,-42.888681],[147.101673,-42.888678],[147.10168,-42.888667],[147.101682,-42.888657],[147.101688,-42.888559],[147.101696,-42.888506],[147.101721,-42.888398],[147.101795,-42.888249],[147.101801,-42.888241],[147.101859,-42.888171],[147.101915,-42.888088],[147.101932,-42.888065],[147.10203,-42.887972],[147.102134,-42.887895],[147.102256,-42.887825],[147.102392,-42.887766],[147.102397,-42.887764],[147.102703,-42.887704],[147.102741,-42.887704],[147.102744,-42.887705],[147.102753,-42.887703],[147.102833,-42.887698],[147.102953,-42.887697],[147.102965,-42.887696],[147.103005,-42.887697],[147.10337,-42.887715],[147.103402,-42.887718],[147.103565,-42.887675],[147.103685,-42.887653],[147.103785,-42.887643],[147.103867,-42.887611],[147.103971,-42.887579],[147.104201,-42.887527],[147.104382,-42.887507],[147.104614,-42.88754],[147.104797,-42.887594],[147.10501,-42.887644],[147.105017,-42.887645],[147.105121,-42.88767],[147.105141,-42.887675],[147.105252,-42.887705],[147.105434,-42.887722],[147.10572,-42.88773],[147.105903,-42.887756],[147.106334,-42.887869],[147.106579,-42.887916],[147.106633,-42.887928],[147.107014,-42.888029],[147.107027,-42.888033],[147.107242,-42.888094],[147.107283,-42.888107],[147.107447,-42.888164],[147.107574,-42.888205],[147.107635,-42.888227],[147.107739,-42.888283],[147.107872,-42.888371],[147.107874,-42.888372],[147.108123,-42.888539],[147.10836,-42.888676],[147.108384,-42.88869],[147.108653,-42.888862],[147.108775,-42.888924],[147.108946,-42.888991],[147.109108,-42.889054],[147.109164,-42.889036],[147.109255,-42.889014],[147.109295,-42.889007],[147.10934,-42.888963],[147.109399,-42.888913],[147.109642,-42.888737],[147.109765,-42.888668],[147.109849,-42.888639],[147.109917,-42.888619],[147.109966,-42.888604],[147.110205,-42.888568],[147.110481,-42.888616],[147.110512,-42.888628],[147.110566,-42.888642],[147.11066,-42.888674],[147.110715,-42.8887],[147.110761,-42.888725],[147.110814,-42.888756],[147.110985,-42.888871],[147.111014,-42.888892],[147.111034,-42.888907],[147.111075,-42.888909],[147.111091,-42.888898],[147.111212,-42.888831],[147.111263,-42.888811],[147.111352,-42.888781],[147.111503,-42.888746],[147.111638,-42.888729],[147.111868,-42.888691],[147.112076,-42.888635],[147.112133,-42.888613],[147.112149,-42.888604],[147.112212,-42.888549],[147.112261,-42.888512],[147.112463,-42.888374],[147.112619,-42.88823],[147.112756,-42.888138],[147.112921,-42.888056],[147.112956,-42.88804],[147.112988,-42.888027],[147.113231,-42.887938],[147.113425,-42.887863],[147.11356,-42.887804],[147.113647,-42.887763],[147.113669,-42.887753],[147.11373,-42.887731],[147.113813,-42.887704],[147.113813,-42.887621],[147.113817,-42.887573],[147.113829,-42.887487],[147.113871,-42.887366],[147.113916,-42.887283],[147.113953,-42.887227],[147.114178,-42.887063],[147.114264,-42.887032],[147.114309,-42.88702],[147.114326,-42.887011],[147.114385,-42.886971],[147.114476,-42.886908],[147.114527,-42.886862],[147.114606,-42.886782],[147.114668,-42.886728],[147.114735,-42.886679],[147.114811,-42.886631],[147.114873,-42.886598],[147.114925,-42.886574],[147.115012,-42.886543],[147.115169,-42.886499],[147.115227,-42.886485],[147.115321,-42.886466],[147.115482,-42.88645],[147.115562,-42.88645],[147.115639,-42.886444],[147.115664,-42.88644],[147.115774,-42.886429],[147.116164,-42.886414],[147.11617,-42.886413],[147.116469,-42.886302],[147.116542,-42.886279],[147.116801,-42.886213],[147.116926,-42.886157],[147.117656,-42.885811],[147.117636,-42.885771],[147.117654,-42.885675],[147.117678,-42.885599],[147.117679,-42.885595],[147.117629,-42.885582],[147.117625,-42.88558],[147.117465,-42.885511],[147.11727,-42.88545],[147.117011,-42.885372],[147.116983,-42.885363],[147.116836,-42.885311],[147.116693,-42.885264],[147.116588,-42.885243],[147.116536,-42.885231],[147.116365,-42.885185],[147.116269,-42.885152],[147.116244,-42.885141],[147.116191,-42.885116],[147.115989,-42.885067],[147.115876,-42.88503],[147.115742,-42.884954],[147.115608,-42.884852],[147.115524,-42.884773],[147.115465,-42.884702],[147.115458,-42.884693],[147.115451,-42.884684],[147.115375,-42.884583],[147.115327,-42.884498],[147.115239,-42.884286],[147.115232,-42.884268],[147.115148,-42.884032],[147.115135,-42.883985],[147.115092,-42.883779],[147.115025,-42.88345],[147.115021,-42.883427],[147.115008,-42.883334],[147.114985,-42.883266],[147.114926,-42.883122],[147.114915,-42.88309],[147.114861,-42.882913],[147.114857,-42.882897],[147.114842,-42.882837],[147.114833,-42.882785],[147.114823,-42.882673],[147.114791,-42.882482],[147.114788,-42.882457],[147.114772,-42.882289],[147.114737,-42.882105],[147.114735,-42.882094],[147.114684,-42.881768],[147.114681,-42.881717],[147.114695,-42.881621],[147.114731,-42.8815],[147.114748,-42.881314],[147.114766,-42.880984],[147.114759,-42.880843],[147.114733,-42.880801],[147.114715,-42.880769],[147.114644,-42.880625],[147.114607,-42.880472],[147.114608,-42.880453],[147.114618,-42.880264],[147.114587,-42.880042],[147.114494,-42.879684],[147.114396,-42.879388],[147.114349,-42.879274],[147.114255,-42.87921],[147.114252,-42.879208],[147.114116,-42.879115],[147.114037,-42.879065],[147.113987,-42.879031],[147.113927,-42.878982],[147.113877,-42.878938],[147.113833,-42.878893],[147.113776,-42.878846],[147.113699,-42.87877],[147.113671,-42.878729],[147.113544,-42.878522],[147.113464,-42.8784],[147.113328,-42.878247],[147.11331,-42.878226],[147.113269,-42.878164],[147.113181,-42.877998],[147.113172,-42.877979],[147.113088,-42.877798],[147.113085,-42.877793],[147.11297,-42.877534],[147.112836,-42.877257],[147.112778,-42.877157],[147.112727,-42.877079],[147.11265,-42.876988],[147.112642,-42.876978],[147.112639,-42.876973],[147.112577,-42.876892],[147.11257,-42.876884],[147.112477,-42.876756],[147.112466,-42.876739],[147.112432,-42.876688],[147.112318,-42.87656],[147.112301,-42.87654],[147.112268,-42.876499],[147.112267,-42.876497],[147.112225,-42.876433],[147.112057,-42.876113],[147.112021,-42.876059],[147.111945,-42.876001],[147.111915,-42.875976],[147.111831,-42.875902],[147.111776,-42.875845],[147.111725,-42.875781],[147.111721,-42.875777],[147.111687,-42.875726],[147.111608,-42.875588],[147.111573,-42.875557],[147.111543,-42.875536],[147.111528,-42.875527],[147.111527,-42.875526],[147.111212,-42.875437],[147.111141,-42.875413],[147.111037,-42.875372],[147.111023,-42.875366],[147.11098,-42.875346],[147.110911,-42.875311],[147.110729,-42.875167],[147.110689,-42.875105],[147.110339,-42.874446],[147.109949,-42.874057],[147.109926,-42.874031],[147.109893,-42.873994],[147.109824,-42.873972],[147.109755,-42.873947],[147.109694,-42.873918],[147.109667,-42.873903],[147.109581,-42.873846],[147.109541,-42.873814],[147.109498,-42.873776],[147.109427,-42.873704],[147.109392,-42.873665],[147.109387,-42.873658],[147.10931,-42.873557],[147.109271,-42.873496],[147.109246,-42.873445],[147.109227,-42.873395],[147.108937,-42.873358],[147.108902,-42.873353],[147.108806,-42.873336],[147.108751,-42.873325],[147.108646,-42.8733],[147.108598,-42.873286],[147.108164,-42.87315],[147.108139,-42.873141],[147.107835,-42.873033],[147.107577,-42.87295],[147.107526,-42.872932],[147.107096,-42.872756],[147.107088,-42.872753],[147.107065,-42.872743],[147.107005,-42.872715],[147.106854,-42.872686],[147.106824,-42.87268],[147.106688,-42.872648],[147.106644,-42.872637],[147.10654,-42.872606],[147.106462,-42.872578],[147.106442,-42.872569],[147.106373,-42.872537],[147.106286,-42.872489],[147.105758,-42.872136],[147.105737,-42.872122],[147.105643,-42.872053],[147.105581,-42.872],[147.105531,-42.871949],[147.105495,-42.871909],[147.105464,-42.871864],[147.10543,-42.871806],[147.105403,-42.871753],[147.10534,-42.871595],[147.105127,-42.87116],[147.105115,-42.871132],[147.105087,-42.87106],[147.10507,-42.871003],[147.105033,-42.870823],[147.105027,-42.870773],[147.105019,-42.870619],[147.105004,-42.870568],[147.104995,-42.870546],[147.104982,-42.870523],[147.104758,-42.870237],[147.104737,-42.870209],[147.104646,-42.87007],[147.104576,-42.869984],[147.104571,-42.869978],[147.104553,-42.869953],[147.104417,-42.869753],[147.104393,-42.869713],[147.104347,-42.869623],[147.104331,-42.869588],[147.104283,-42.869467],[147.104262,-42.869382],[147.104251,-42.869291],[147.104248,-42.869252],[147.10425,-42.869223],[147.104258,-42.869125],[147.104267,-42.869073],[147.104326,-42.868834],[147.104353,-42.868761],[147.104505,-42.868452],[147.104512,-42.868439],[147.104637,-42.868208],[147.104651,-42.868185],[147.104805,-42.867942],[147.10483,-42.867907],[147.104868,-42.867864],[147.105032,-42.867701],[147.105133,-42.867562],[147.105213,-42.867414],[147.105216,-42.867408],[147.105279,-42.867297],[147.105291,-42.867277],[147.105455,-42.867023],[147.105478,-42.866992],[147.105512,-42.866953],[147.105595,-42.866869],[147.105611,-42.866853],[147.105707,-42.866764]]]]}},
{"type":"Feature","properties":{"fid":6,"OBJECTID":6,"Management_Zone":"Drinking Water Catchment Zone","Area":"Knights Creek","Shape_Length":14951.313905981335,"Shape_Area":11036859.559358638,"AF_CONF":-1,"Management_Authority":"Wellington Park Management Trust","Management_Plan":"Wellington Park Management Plan","Zone_Name":"Drinking Water Catchment Zone - Knights Creek"},"geometry":{"type":"MultiPolygon","coordinates":[[[[147.224874,-42.846],[147.223935,-42.845768],[147.223034,-42.845328],[147.222113,-42.844924],[147.22156,-42.844451],[147.220915,-42.844047],[147.219994,-42.843372],[147.2199878,-42.8433681],[147.219987,-42.8433676],[147.219986,-42.843367],[147.219983,-42.8433651],[147.219162,-42.842842],[147.21852,-42.84236],[147.217599,-42.841889],[147.217139,-42.84189],[147.217048,-42.84216],[147.217051,-42.842769],[147.216869,-42.843378],[147.216595,-42.84392],[147.216046,-42.844732],[147.214767,-42.846005],[147.214355,-42.84717],[147.213989,-42.847847],[147.212522,-42.848797],[147.21179,-42.849745],[147.210874,-42.850558],[147.210049,-42.851439],[147.209757,-42.852016],[147.20958,-42.852607],[147.209045,-42.853334],[147.208404,-42.854282],[147.208224,-42.855162],[147.20795,-42.855839],[147.207586,-42.856922],[147.207405,-42.857733],[147.207099,-42.858351],[147.206536,-42.859206],[147.204931,-42.859954],[147.204932,-42.86037],[147.205414,-42.861859],[147.205326,-42.862341],[147.20494,-42.86281],[147.204466,-42.863481],[147.20417,-42.864095],[147.2041,-42.864584],[147.203659,-42.864841],[147.201639,-42.865589],[147.200814,-42.866267],[147.199807,-42.867554],[147.199624,-42.868027],[147.19957,-42.868747],[147.199393,-42.869295],[147.1987456,-42.8699485],[147.198436,-42.870261],[147.198436,-42.870369],[147.198436,-42.870375],[147.198505,-42.870786],[147.198715,-42.871289],[147.197872,-42.871987],[147.197508,-42.872515],[147.196608,-42.873714],[147.195139,-42.874392],[147.193248,-42.875482],[147.191788,-42.876021],[147.188758,-42.877447],[147.189267,-42.878578],[147.189733,-42.87945],[147.190449,-42.880152],[147.192263,-42.880822],[147.193551,-42.881226],[147.195946,-42.882371],[147.198416,-42.883651],[147.201753,-42.886554],[147.202769,-42.887635],[147.203693,-42.889121],[147.205385,-42.889997],[147.206354,-42.890544],[147.2077895,-42.8909713],[147.2077898,-42.8909714],[147.208317,-42.890582],[147.210693,-42.889927],[147.213503,-42.888929],[147.214921,-42.888579],[147.215803,-42.888644],[147.215805,-42.888644],[147.21581,-42.888619],[147.2158126,-42.8886089],[147.2158766,-42.8883589],[147.215967,-42.888006],[147.217389,-42.886594],[147.2184096,-42.8857309],[147.2185939,-42.885575],[147.218672,-42.885509],[147.2192867,-42.8851187],[147.219806,-42.884789],[147.2199472,-42.8847127],[147.220232,-42.884559],[147.221375,-42.8835158],[147.221791,-42.883136],[147.2220405,-42.8830129],[147.223443,-42.882321],[147.2237374,-42.8820573],[147.224956,-42.880966],[147.226057,-42.880422],[147.227434,-42.879608],[147.228092,-42.879251],[147.22881,-42.878861],[147.229703,-42.878196],[147.230604,-42.877585],[147.231008,-42.876788],[147.23095,-42.87577],[147.230983,-42.875225],[147.23091,-42.874652],[147.231209,-42.873187],[147.231221,-42.872865],[147.231077,-42.872061],[147.230912,-42.871832],[147.230949,-42.870475],[147.230703,-42.86857],[147.230428,-42.867868],[147.230357,-42.867191],[147.230389,-42.866539],[147.230761,-42.865787],[147.23103,-42.864858],[147.230993,-42.86388],[147.230958,-42.863655],[147.230719,-42.863505],[147.230275,-42.863355],[147.229092,-42.863087],[147.229245,-42.86299],[147.230087,-42.862003],[147.230613,-42.861146],[147.232758,-42.859845],[147.234092,-42.858572],[147.235463,-42.857454],[147.235637,-42.856935],[147.23535,-42.855588],[147.23499,-42.853514],[147.235268,-42.852528],[147.235264,-42.851595],[147.234838,-42.850714],[147.234201,-42.850015],[147.233385,-42.848591],[147.232993,-42.847321],[147.232426,-42.846648],[147.231895,-42.845845],[147.231682,-42.845168],[147.229469,-42.845788],[147.227716,-42.845914],[147.22561,-42.845999],[147.224874,-42.846]]]]}},
{"type":"Feature","properties":{"fid":7,"OBJECTID":7,"Management_Zone":"Remote Zone","Area":"Mount Patrick","Shape_Length":23985.739459850447,"Shape_Area":18898913.457215749,"AF_CONF":-1,"Management_Authority":"Wellington Park Management Trust","Management_Plan":"Wellington Park Management Plan","Zone_Name":"Remote Zone - Mount Patrick"},"geometry":{"type":"MultiPolygon","coordinates":[[[[147.080157,-42.913314],[147.080652,-42.913154],[147.082219,-42.911713],[147.082886,-42.910923],[147.084005,-42.909982],[147.084972,-42.909351],[147.08564,-42.908679],[147.08648,-42.907929],[147.086793,-42.907707],[147.086966,-42.907666],[147.087138,-42.907656],[147.087309,-42.90771],[147.087428,-42.907807],[147.087354,-42.908217],[147.087384,-42.908728],[147.088063,-42.910335],[147.088735,-42.910798],[147.088754,-42.911104],[147.088491,-42.911311],[147.088135,-42.911442],[147.088038,-42.911645],[147.088026,-42.911942],[147.088174,-42.912549],[147.088096,-42.912964],[147.087954,-42.913275],[147.087301,-42.914189],[147.086703,-42.915657],[147.085846,-42.917054],[147.085608,-42.91759],[147.084943,-42.918621],[147.084148,-42.919603],[147.083934,-42.919921],[147.083416,-42.920764],[147.08293,-42.921583],[147.082582,-42.922],[147.082345,-42.922185],[147.081939,-42.922474],[147.081792,-42.922643],[147.081609,-42.922825],[147.08124,-42.923414],[147.080886,-42.924306],[147.080015,-42.926281],[147.07953,-42.927268],[147.079273,-42.928159],[147.07918,-42.928954],[147.079203,-42.929212],[147.079449,-42.930254],[147.079642,-42.931412],[147.079856,-42.931895],[147.080212,-42.932179],[147.080653,-42.932246],[147.081454,-42.932177],[147.083729,-42.932676],[147.085667,-42.933278],[147.086159,-42.93326],[147.086892,-42.93316],[147.087638,-42.932869],[147.088063,-42.932631],[147.088564,-42.932117],[147.089096,-42.931555],[147.089715,-42.931036],[147.090449,-42.93054],[147.091392,-42.930008],[147.092065,-42.929541],[147.093131,-42.929025],[147.094018,-42.928813],[147.094348,-42.928624],[147.095365,-42.927948],[147.096104,-42.926961],[147.096772,-42.926506],[147.09736,-42.926262],[147.097994,-42.925972],[147.098376,-42.925739],[147.099294,-42.925018],[147.099905,-42.92436],[147.100897,-42.923548],[147.101538,-42.922477],[147.102313,-42.920828],[147.102552,-42.920012],[147.102637,-42.919417],[147.1028,-42.918954],[147.103149,-42.918359],[147.104488,-42.916926],[147.105467,-42.916475],[147.106545,-42.916132],[147.10771,-42.915633],[147.108124,-42.915455],[147.108511,-42.915179],[147.108968,-42.914599],[147.109195,-42.91444],[147.110154,-42.914138],[147.111656,-42.913823],[147.112507,-42.913758],[147.114075,-42.913531],[147.114563,-42.913411],[147.115411,-42.913025],[147.116334,-42.912506],[147.116876,-42.911988],[147.117427,-42.911144],[147.118045,-42.910518],[147.118848,-42.909812],[147.119543,-42.909625],[147.120032,-42.909384],[147.121173,-42.908685],[147.122279,-42.907865],[147.122627,-42.907534],[147.122929,-42.907094],[147.123348,-42.906641],[147.123404,-42.906375],[147.12331,-42.905858],[147.123312,-42.905432],[147.123505,-42.904999],[147.12409,-42.9043],[147.125427,-42.903065],[147.126523,-42.901757],[147.127275,-42.901095],[147.127991,-42.90042],[147.128474,-42.900075],[147.128706,-42.899759],[147.129065,-42.899035],[147.129679,-42.898396],[147.130655,-42.897504],[147.131501,-42.896877],[147.132991,-42.895914],[147.133462,-42.895512],[147.134422,-42.895291],[147.135119,-42.894923],[147.135609,-42.894849],[147.135884,-42.891576],[147.135929,-42.891528],[147.135759,-42.891396],[147.135758,-42.891395],[147.135713,-42.891337],[147.135681,-42.89129],[147.135642,-42.891225],[147.135604,-42.891135],[147.135596,-42.891103],[147.135584,-42.891016],[147.135584,-42.891007],[147.135585,-42.890975],[147.1356,-42.890881],[147.13561,-42.890849],[147.135676,-42.890726],[147.135683,-42.890717],[147.135707,-42.890688],[147.135801,-42.8906],[147.135824,-42.890584],[147.135918,-42.890503],[147.136077,-42.890405],[147.13617,-42.890373],[147.13646,-42.890293],[147.136587,-42.890269],[147.136717,-42.890256],[147.136963,-42.890197],[147.137102,-42.890176],[147.137301,-42.890164],[147.137697,-42.890135],[147.13807,-42.890075],[147.138231,-42.890034],[147.138255,-42.890029],[147.138296,-42.89002],[147.138345,-42.890005],[147.13837,-42.889965],[147.138399,-42.889881],[147.138427,-42.889795],[147.138443,-42.889683],[147.138453,-42.889637],[147.138486,-42.889525],[147.13848,-42.889465],[147.138395,-42.889215],[147.13839,-42.889198],[147.138244,-42.88868],[147.138226,-42.888633],[147.138205,-42.888548],[147.138196,-42.88847],[147.138189,-42.888442],[147.138154,-42.888364],[147.138143,-42.888334],[147.138118,-42.88826],[147.138099,-42.888151],[147.1381,-42.888132],[147.138104,-42.888061],[147.138114,-42.887996],[147.138138,-42.887903],[147.138209,-42.887762],[147.138247,-42.887719],[147.138344,-42.887623],[147.138382,-42.887569],[147.138388,-42.887536],[147.138388,-42.887533],[147.138422,-42.887364],[147.138467,-42.887247],[147.138542,-42.887121],[147.138562,-42.88709],[147.138658,-42.886957],[147.138661,-42.886953],[147.138849,-42.886701],[147.13885,-42.8867],[147.139038,-42.886448],[147.139044,-42.88644],[147.139072,-42.886405],[147.139079,-42.886376],[147.139116,-42.88628],[147.139166,-42.886191],[147.13918,-42.886168],[147.139209,-42.886123],[147.139212,-42.886114],[147.139106,-42.886076],[147.13907,-42.886062],[147.139041,-42.886049],[147.138932,-42.885997],[147.138765,-42.885878],[147.138706,-42.885817],[147.138678,-42.885784],[147.138632,-42.885711],[147.138594,-42.885634],[147.138557,-42.885482],[147.138558,-42.885461],[147.138562,-42.885394],[147.138579,-42.885305],[147.1386,-42.885243],[147.138657,-42.885136],[147.138727,-42.885041],[147.138818,-42.884918],[147.138942,-42.884688],[147.13896,-42.884656],[147.139023,-42.884562],[147.139044,-42.884517],[147.139074,-42.884432],[147.139077,-42.884414],[147.139076,-42.884393],[147.139072,-42.884369],[147.139063,-42.884345],[147.139031,-42.884283],[147.13896,-42.884168],[147.138863,-42.884029],[147.138762,-42.883893],[147.138627,-42.883812],[147.138624,-42.883811],[147.13858,-42.883784],[147.138561,-42.883788],[147.138524,-42.88377],[147.138488,-42.883776],[147.13839,-42.883866],[147.138325,-42.883916],[147.138188,-42.884009],[147.138126,-42.884075],[147.138041,-42.884148],[147.137808,-42.884312],[147.137693,-42.884375],[147.137629,-42.884398],[147.137387,-42.884475],[147.137347,-42.884487],[147.137122,-42.884545],[147.137075,-42.884556],[147.136966,-42.884577],[147.136794,-42.884626],[147.13662,-42.884683],[147.136533,-42.884706],[147.136366,-42.88474],[147.136203,-42.884756],[147.135896,-42.884697],[147.13574,-42.884603],[147.135628,-42.884509],[147.135607,-42.884489],[147.135506,-42.884394],[147.135219,-42.884176],[147.135002,-42.884022],[147.134586,-42.883782],[147.134571,-42.883773],[147.134288,-42.883599],[147.134123,-42.883505],[147.133963,-42.883415],[147.133808,-42.883344],[147.133775,-42.883327],[147.133626,-42.883248],[147.133532,-42.883199],[147.133493,-42.883195],[147.133442,-42.883187],[147.133258,-42.883154],[147.133156,-42.883128],[147.133034,-42.883088],[147.132978,-42.883067],[147.132835,-42.882984],[147.132736,-42.882906],[147.132602,-42.88281],[147.132515,-42.882733],[147.132406,-42.88261],[147.132389,-42.88259],[147.132339,-42.882509],[147.132277,-42.882376],[147.132267,-42.882365],[147.132254,-42.88236],[147.132212,-42.882362],[147.132036,-42.882376],[147.132019,-42.882377],[147.131856,-42.882387],[147.131721,-42.88241],[147.131696,-42.882414],[147.131366,-42.88246],[147.131252,-42.882468],[147.131199,-42.882467],[147.130972,-42.882453],[147.130913,-42.882447],[147.13068,-42.882416],[147.130443,-42.882398],[147.130182,-42.882399],[147.129903,-42.882405],[147.129847,-42.882411],[147.129544,-42.882515],[147.129409,-42.882547],[147.129151,-42.882586],[147.128741,-42.882657],[147.128603,-42.88269],[147.128062,-42.88286],[147.128047,-42.882865],[147.127387,-42.883057],[147.127081,-42.883207],[147.127048,-42.883221],[147.127005,-42.883238],[147.12675,-42.883328],[147.12673,-42.883334],[147.12663,-42.883366],[147.126622,-42.88337],[147.12638,-42.88355],[147.126365,-42.883572],[147.12635,-42.883593],[147.126324,-42.883623],[147.126232,-42.883721],[147.126035,-42.883855],[147.125905,-42.883911],[147.125904,-42.883911],[147.125814,-42.883943],[147.125505,-42.884029],[147.125422,-42.884048],[147.124983,-42.88412],[147.12452,-42.884232],[147.124348,-42.884283],[147.124242,-42.884306],[147.124162,-42.884318],[147.12405,-42.88434],[147.123703,-42.884474],[147.12366,-42.884489],[147.123405,-42.884569],[147.123344,-42.884585],[147.123027,-42.884657],[147.122906,-42.884704],[147.122716,-42.88481],[147.122662,-42.884836],[147.122447,-42.884931],[147.122355,-42.884982],[147.122298,-42.885009],[147.122277,-42.885017],[147.122255,-42.885026],[147.122187,-42.885057],[147.122175,-42.885062],[147.122126,-42.88508],[147.121842,-42.885177],[147.12161,-42.885219],[147.121576,-42.88522],[147.121475,-42.885237],[147.121417,-42.885254],[147.121389,-42.885264],[147.121379,-42.885274],[147.121306,-42.885335],[147.121143,-42.885449],[147.121027,-42.885513],[147.120971,-42.885534],[147.120812,-42.885586],[147.120697,-42.885615],[147.120377,-42.885668],[147.120341,-42.885673],[147.120039,-42.88571],[147.119845,-42.885741],[147.119784,-42.885757],[147.119569,-42.885822],[147.119536,-42.885836],[147.119432,-42.885891],[147.119261,-42.886023],[147.119196,-42.886066],[147.11906,-42.886144],[147.119054,-42.886148],[147.118785,-42.886299],[147.11875,-42.886317],[147.118603,-42.886388],[147.118504,-42.886465],[147.11839,-42.886534],[147.117584,-42.886917],[147.117569,-42.886924],[147.117381,-42.887007],[147.117371,-42.887011],[147.117266,-42.887046],[147.116986,-42.887119],[147.116693,-42.887227],[147.116635,-42.887245],[147.116534,-42.887274],[147.116433,-42.887295],[147.116376,-42.887303],[147.11629,-42.88731],[147.11589,-42.887325],[147.115881,-42.887326],[147.115804,-42.887336],[147.115657,-42.887347],[147.115595,-42.887349],[147.11557,-42.887349],[147.115557,-42.887353],[147.115513,-42.887398],[147.115494,-42.887416],[147.115406,-42.887496],[147.115347,-42.887543],[147.115222,-42.887629],[147.115217,-42.887632],[147.115121,-42.887697],[147.115047,-42.887739],[147.11504,-42.887743],[147.115037,-42.887786],[147.11502,-42.887891],[147.11496,-42.88804],[147.114881,-42.888157],[147.114863,-42.88818],[147.114795,-42.888251],[147.114682,-42.888346],[147.114532,-42.888438],[147.114419,-42.888487],[147.114413,-42.88849],[147.114353,-42.888512],[147.114268,-42.88854],[147.114213,-42.888566],[147.114197,-42.888573],[147.114039,-42.888642],[147.114032,-42.888645],[147.114009,-42.888655],[147.113795,-42.888736],[147.113787,-42.88874],[147.113575,-42.888818],[147.113521,-42.888845],[147.113395,-42.888961],[147.113333,-42.88901],[147.113123,-42.889153],[147.113043,-42.889222],[147.112956,-42.889283],[147.112847,-42.889346],[147.112776,-42.889381],[147.112752,-42.889391],[147.11261,-42.889445],[147.112539,-42.889468],[147.112254,-42.889546],[147.112175,-42.889563],[147.111891,-42.889609],[147.111863,-42.889613],[147.111844,-42.889616],[147.111801,-42.889647],[147.111681,-42.889713],[147.111536,-42.889758],[147.111398,-42.889786],[147.111293,-42.8898],[147.111159,-42.889809],[147.111102,-42.889811],[147.111059,-42.88981],[147.110916,-42.889803],[147.110733,-42.889808],[147.110709,-42.889808],[147.110402,-42.889748],[147.110212,-42.889609],[147.110081,-42.889702],[147.109975,-42.889759],[147.109924,-42.889783],[147.109903,-42.889791],[147.109819,-42.889824],[147.109681,-42.889863],[147.1096,-42.889878],[147.109489,-42.889912],[147.109413,-42.889932],[147.109217,-42.889972],[147.109053,-42.889988],[147.108774,-42.889939],[147.108602,-42.889875],[147.108595,-42.889872],[147.108372,-42.889786],[147.108167,-42.889706],[147.108148,-42.889698],[147.108104,-42.889678],[147.107924,-42.889586],[147.107872,-42.889556],[147.107589,-42.889376],[147.107347,-42.889236],[147.107313,-42.889215],[147.107049,-42.889038],[147.106991,-42.889],[147.106946,-42.888985],[147.106929,-42.88898],[147.106778,-42.888927],[147.106589,-42.888873],[147.106242,-42.888781],[147.105998,-42.888734],[147.105946,-42.888723],[147.105578,-42.888626],[147.105359,-42.88862],[147.105305,-42.888617],[147.105028,-42.888591],[147.104895,-42.888567],[147.104729,-42.888523],[147.104639,-42.888501],[147.104404,-42.888447],[147.104363,-42.888436],[147.104263,-42.888475],[147.104065,-42.888522],[147.103923,-42.888537],[147.103655,-42.888608],[147.103447,-42.888634],[147.103298,-42.888621],[147.103236,-42.88861],[147.102952,-42.888596],[147.102941,-42.888596],[147.102929,-42.888612],[147.102922,-42.888621],[147.102913,-42.888632],[147.102906,-42.888726],[147.102899,-42.888778],[147.102878,-42.88887],[147.102833,-42.88898],[147.102762,-42.889097],[147.10274,-42.889129],[147.102669,-42.889225],[147.102663,-42.889233],[147.102494,-42.889371],[147.102369,-42.889439],[147.102313,-42.889466],[147.102171,-42.88951],[147.102053,-42.889534],[147.102049,-42.889535],[147.101993,-42.889571],[147.101967,-42.889586],[147.101769,-42.889697],[147.101705,-42.889748],[147.101627,-42.8898],[147.101509,-42.889866],[147.101409,-42.889935],[147.101298,-42.889996],[147.101264,-42.890008],[147.101248,-42.890022],[147.101135,-42.890097],[147.101064,-42.890134],[147.101018,-42.890156],[147.100711,-42.890216],[147.100673,-42.890215],[147.100606,-42.890212],[147.10052,-42.890204],[147.10041,-42.890187],[147.100303,-42.890164],[147.10021,-42.890136],[147.100096,-42.890104],[147.100015,-42.890077],[147.099902,-42.890031],[147.099893,-42.890028],[147.099812,-42.889986],[147.099674,-42.889903],[147.099611,-42.88986],[147.09946,-42.88974],[147.099396,-42.889691],[147.099329,-42.889628],[147.099278,-42.889572],[147.099186,-42.889482],[147.099147,-42.889439],[147.099083,-42.889358],[147.098949,-42.889207],[147.098725,-42.889015],[147.098689,-42.888981],[147.098574,-42.888862],[147.098445,-42.888761],[147.098311,-42.888675],[147.098279,-42.888654],[147.098132,-42.888545],[147.09812,-42.888538],[147.098098,-42.888534],[147.097849,-42.888497],[147.097766,-42.88848],[147.097461,-42.8884],[147.097168,-42.888351],[147.097042,-42.888319],[147.096752,-42.888219],[147.096459,-42.888129],[147.096263,-42.888071],[147.096083,-42.888027],[147.095892,-42.88799],[147.095711,-42.887961],[147.095603,-42.887936],[147.095378,-42.887866],[147.095149,-42.887815],[147.095094,-42.887801],[147.094871,-42.887733],[147.094821,-42.887717],[147.094753,-42.887715],[147.094588,-42.887714],[147.094542,-42.887713],[147.094337,-42.8877],[147.094164,-42.887671],[147.094061,-42.887641],[147.093912,-42.887644],[147.093597,-42.887674],[147.09352,-42.887677],[147.093469,-42.887676],[147.093115,-42.887655],[147.092867,-42.887673],[147.092807,-42.887675],[147.092719,-42.88767],[147.092477,-42.887645],[147.092403,-42.887634],[147.09208,-42.887569],[147.0918,-42.887546],[147.091746,-42.887539],[147.091483,-42.8875],[147.091466,-42.887497],[147.091322,-42.887472],[147.091114,-42.887472],[147.091034,-42.887469],[147.090772,-42.887444],[147.090496,-42.887419],[147.090417,-42.887408],[147.090135,-42.887354],[147.090006,-42.887318],[147.089797,-42.887238],[147.089773,-42.887229],[147.089701,-42.887192],[147.089504,-42.887079],[147.089442,-42.887038],[147.08922,-42.886869],[147.089151,-42.886806],[147.089016,-42.886658],[147.088888,-42.88653],[147.088643,-42.886487],[147.088613,-42.886481],[147.088358,-42.886426],[147.088247,-42.886393],[147.087984,-42.886292],[147.087961,-42.886283],[147.087926,-42.886267],[147.087742,-42.886176],[147.087622,-42.886143],[147.087525,-42.886134],[147.087517,-42.886133],[147.087308,-42.886113],[147.087276,-42.886109],[147.086891,-42.886055],[147.086794,-42.886036],[147.08654,-42.885967],[147.08628,-42.88593],[147.086261,-42.885927],[147.086018,-42.885886],[147.085982,-42.885879],[147.085713,-42.885821],[147.085689,-42.885815],[147.085512,-42.885771],[147.085368,-42.885755],[147.085133,-42.885737],[147.085103,-42.885734],[147.084977,-42.88572],[147.084873,-42.885712],[147.084672,-42.885672],[147.084372,-42.885568],[147.084327,-42.885551],[147.084102,-42.885386],[147.084065,-42.885332],[147.083998,-42.885212],[147.083954,-42.885079],[147.08393,-42.884869],[147.083846,-42.884741],[147.083713,-42.884584],[147.083703,-42.884572],[147.083678,-42.884536],[147.083508,-42.884265],[147.083315,-42.884014],[147.083296,-42.883988],[147.083137,-42.883746],[147.083117,-42.883712],[147.083099,-42.883678],[147.082945,-42.883597],[147.082879,-42.883557],[147.082832,-42.883525],[147.082832,-42.883702],[147.082811,-42.883819],[147.082744,-42.884001],[147.082683,-42.884108],[147.082679,-42.884114],[147.082512,-42.88432],[147.082485,-42.88435],[147.082356,-42.884483],[147.082259,-42.88459],[147.082166,-42.884721],[147.082153,-42.884739],[147.082106,-42.88479],[147.08199,-42.8849],[147.081867,-42.885017],[147.081757,-42.885129],[147.081644,-42.885251],[147.081618,-42.885276],[147.081465,-42.885419],[147.081368,-42.885514],[147.081355,-42.885531],[147.081344,-42.885563],[147.081345,-42.885602],[147.081346,-42.885615],[147.081341,-42.885672],[147.081312,-42.885841],[147.081235,-42.886009],[147.081183,-42.886066],[147.081049,-42.886189],[147.080926,-42.886274],[147.080722,-42.886381],[147.080672,-42.886405],[147.080599,-42.886431],[147.080386,-42.886496],[147.080322,-42.886513],[147.080045,-42.886571],[147.07992,-42.886618],[147.079749,-42.886689],[147.079745,-42.88669],[147.079486,-42.886795],[147.0794,-42.886824],[147.078915,-42.886953],[147.078821,-42.886972],[147.07847,-42.887022],[147.078411,-42.887031],[147.078357,-42.887084],[147.07825,-42.887164],[147.078091,-42.887256],[147.078018,-42.887292],[147.077872,-42.887337],[147.077687,-42.887374],[147.077538,-42.88743],[147.077534,-42.887432],[147.077484,-42.88745],[147.077409,-42.88751],[147.077301,-42.887578],[147.077084,-42.887686],[147.077048,-42.887702],[147.077001,-42.88772],[147.076679,-42.887831],[147.076461,-42.887872],[147.076159,-42.887888],[147.076117,-42.887889],[147.076103,-42.887889],[147.075856,-42.887885],[147.07533,-42.887907],[147.075117,-42.887935],[147.074936,-42.887991],[147.074839,-42.888014],[147.074721,-42.888034],[147.074664,-42.888079],[147.074607,-42.888119],[147.074451,-42.888216],[147.074277,-42.888326],[147.074184,-42.888374],[147.074168,-42.888381],[147.074051,-42.888427],[147.074026,-42.888437],[147.073817,-42.88851],[147.073652,-42.888549],[147.073477,-42.88857],[147.073376,-42.888577],[147.073349,-42.888576],[147.073161,-42.88857],[147.073089,-42.888565],[147.072982,-42.888552],[147.072934,-42.888558],[147.072699,-42.888608],[147.072636,-42.888619],[147.072516,-42.888635],[147.072455,-42.888667],[147.072408,-42.888689],[147.072312,-42.888722],[147.072219,-42.888747],[147.072116,-42.888785],[147.072066,-42.888821],[147.072062,-42.888824],[147.071957,-42.888898],[147.071839,-42.888963],[147.071695,-42.889007],[147.071451,-42.889057],[147.07132,-42.889119],[147.071296,-42.88913],[147.071028,-42.889189],[147.070792,-42.8892],[147.070616,-42.88922],[147.070432,-42.889248],[147.070309,-42.889269],[147.070174,-42.88928],[147.070049,-42.88928],[147.070048,-42.88928],[147.069773,-42.889232],[147.069667,-42.889193],[147.069559,-42.889166],[147.069452,-42.889143],[147.069413,-42.889139],[147.069297,-42.889177],[147.069282,-42.889186],[147.06928,-42.88919],[147.069172,-42.889291],[147.06907,-42.889363],[147.068994,-42.889408],[147.068927,-42.889441],[147.068887,-42.88946],[147.068872,-42.889463],[147.068898,-42.889524],[147.068918,-42.889581],[147.068934,-42.889645],[147.068988,-42.889758],[147.069102,-42.889879],[147.069111,-42.889889],[147.069178,-42.889966],[147.069194,-42.889985],[147.069199,-42.889991],[147.06923,-42.890032],[147.069304,-42.890203],[147.069316,-42.890288],[147.06932,-42.890336],[147.069238,-42.89056],[147.069188,-42.890614],[147.069096,-42.8907],[147.069001,-42.890771],[147.068914,-42.890822],[147.068821,-42.890901],[147.068699,-42.891004],[147.06862,-42.89106],[147.068606,-42.891068],[147.068593,-42.891084],[147.068545,-42.891131],[147.068441,-42.891221],[147.068282,-42.891318],[147.068093,-42.891399],[147.068091,-42.8914],[147.067831,-42.891459],[147.067593,-42.891473],[147.067546,-42.891474],[147.067257,-42.891474],[147.066827,-42.891504],[147.066818,-42.891504],[147.066506,-42.891523],[147.066458,-42.891524],[147.066444,-42.891524],[147.066169,-42.89152],[147.066079,-42.891513],[147.065901,-42.891491],[147.065873,-42.891487],[147.065763,-42.891469],[147.065677,-42.89145],[147.065548,-42.891414],[147.06546,-42.891383],[147.065449,-42.891378],[147.06529,-42.891308],[147.065168,-42.891259],[147.065154,-42.891255],[147.065083,-42.891252],[147.064784,-42.891286],[147.064783,-42.891286],[147.064584,-42.891308],[147.064487,-42.89133],[147.064285,-42.891387],[147.064169,-42.891461],[147.064073,-42.891511],[147.064046,-42.891522],[147.063945,-42.89156],[147.063884,-42.89158],[147.063689,-42.891635],[147.063626,-42.891665],[147.063527,-42.891722],[147.063455,-42.891757],[147.063421,-42.891771],[147.063207,-42.891849],[147.063025,-42.89195],[147.063016,-42.891955],[147.062798,-42.892072],[147.062771,-42.892085],[147.062664,-42.892136],[147.062717,-42.892316],[147.062731,-42.892411],[147.0627,-42.892554],[147.062636,-42.892695],[147.062608,-42.892745],[147.062539,-42.892853],[147.062498,-42.892927],[147.062462,-42.892982],[147.062418,-42.89303],[147.062407,-42.893041],[147.062402,-42.89305],[147.062372,-42.893092],[147.06234,-42.893129],[147.062254,-42.893217],[147.062204,-42.893262],[147.062144,-42.893309],[147.062002,-42.893392],[147.06191,-42.893424],[147.061726,-42.893474],[147.061518,-42.893503],[147.061347,-42.893504],[147.061369,-42.893541],[147.060327,-42.895021],[147.058471,-42.896424],[147.057586,-42.898245],[147.056265,-42.899021],[147.055899,-42.900964],[147.055556,-42.903004],[147.055236,-42.904112],[147.057209,-42.906351],[147.058149,-42.910464],[147.05855,-42.911956],[147.068591,-42.91001],[147.069782,-42.910145],[147.070487,-42.910301],[147.071195,-42.91057],[147.072239,-42.910749],[147.07233,-42.910754],[147.072914,-42.910786],[147.073648,-42.91076],[147.074792,-42.910759],[147.075131,-42.910866],[147.075513,-42.911119],[147.075995,-42.911816],[147.076337,-42.912153],[147.077087,-42.91268],[147.077626,-42.912958],[147.078466,-42.913259],[147.078744,-42.913282],[147.079324,-42.91333],[147.080157,-42.913314]]]]}},
{"type":"Feature","properties":{"fid":8,"OBJECTID":8,"Management_Zone":"Drinking Water Catchment Zone","Area":"North West Bay River","Shape_Length":22798.26219878178,"Shape_Area":17101645.031561494,"AF_CONF":56,"Management_Authority":"Wellington Park Management Trust","Management_Plan":"Wellington Park Management Plan","Zone_Name":"Drinking Water Catchment Zone - North West Bay River"},"geometry":{"type":"MultiPolygon","coordinates":[[[[147.234701,-42.895042],[147.232576,-42.894307],[147.228329,-42.89333],[147.2233,-42.892519],[147.219388,-42.891459],[147.218154,-42.889983],[147.216251,-42.888673],[147.2160441,-42.8886595],[147.215805,-42.888644],[147.215803,-42.888644],[147.214921,-42.888579],[147.213503,-42.888929],[147.210693,-42.889927],[147.208317,-42.890582],[147.2077898,-42.8909714],[147.207437,-42.891153],[147.20744,-42.892056],[147.205865,-42.893388],[147.204179,-42.894688],[147.2030499,-42.8960033],[147.200237,-42.89928],[147.19982,-42.900725],[147.198094,-42.902912],[147.1966922,-42.9047258],[147.195017,-42.906893],[147.191635,-42.909164],[147.190338,-42.909467],[147.188956,-42.909825],[147.186446,-42.911525],[147.18418,-42.91363],[147.179905,-42.916901],[147.177792,-42.91895],[147.174167,-42.91958],[147.172118,-42.920627],[147.174135,-42.922905],[147.175702,-42.92432],[147.177162,-42.926514],[147.178839,-42.927004],[147.181694,-42.926577],[147.184423,-42.925845],[147.1846623,-42.9257448],[147.184994,-42.925606],[147.188217,-42.924197],[147.19134,-42.922139],[147.195727,-42.920366],[147.194617,-42.923485],[147.194693,-42.92511],[147.195377,-42.927048],[147.198772,-42.928873],[147.199953,-42.929091],[147.200399,-42.929097],[147.201282,-42.929252],[147.201915,-42.929467],[147.202204,-42.929564],[147.202359,-42.929507],[147.202412,-42.929282],[147.202582,-42.929235],[147.203071,-42.928897],[147.203608,-42.92892],[147.204123,-42.929575],[147.204481,-42.929968],[147.20486,-42.93007],[147.205088,-42.93015],[147.205618,-42.92949],[147.206179,-42.928931],[147.207258,-42.92867],[147.207518,-42.929164],[147.208003,-42.929728],[147.208376,-42.930019],[147.208847,-42.930054],[147.209368,-42.929953],[147.209851,-42.929761],[147.210345,-42.929359],[147.210433,-42.929239],[147.210888,-42.928766],[147.211705,-42.928172],[147.21216,-42.929048],[147.21229,-42.929298],[147.213223,-42.929491],[147.213897,-42.930108],[147.2139,-42.93051],[147.213936,-42.930868],[147.214685,-42.931102],[147.216242,-42.931447],[147.21701,-42.931581],[147.218029,-42.931714],[147.217443,-42.932724],[147.217049,-42.933797],[147.217621,-42.934189],[147.219191,-42.934448],[147.220975,-42.934602],[147.223756,-42.93423],[147.225644,-42.933361],[147.227067,-42.932415],[147.230354,-42.933929],[147.233067,-42.934552],[147.235654,-42.935015],[147.237706,-42.935067],[147.238073,-42.93482],[147.239023,-42.934278],[147.2390402,-42.9337636],[147.2372814,-42.9332802],[147.2364046,-42.9330391],[147.2367266,-42.9317592],[147.2370195,-42.9306008],[147.2375044,-42.9286824],[147.2377809,-42.9275723],[147.2379097,-42.927055],[147.23791,-42.9270551],[147.2416688,-42.9282594],[147.2416689,-42.928259],[147.2420778,-42.9266708],[147.242524,-42.924928],[147.242524,-42.9249278],[147.2429883,-42.9231501],[147.2434481,-42.9213495],[147.2464831,-42.9216974],[147.2490488,-42.9220414],[147.2491919,-42.9220805],[147.2493413,-42.9209992],[147.2493414,-42.9209988],[147.2504288,-42.921524],[147.2511269,-42.9218612],[147.2518156,-42.9221982],[147.2519496,-42.9222638],[147.2519737,-42.9222734],[147.251992,-42.922231],[147.25209,-42.921941],[147.2520911,-42.9219393],[147.252096,-42.921925],[147.2521068,-42.9219162],[147.252107,-42.921916],[147.252886,-42.921286],[147.252932,-42.920256],[147.252449,-42.918451],[147.250974,-42.91722],[147.250974,-42.917253],[147.250878,-42.917351],[147.250672,-42.917249],[147.2506,-42.91717],[147.249966,-42.916764],[147.249171,-42.916189],[147.248251,-42.915831],[147.246536,-42.91588],[147.244876,-42.915659],[147.244082,-42.914894],[147.2444243,-42.9143478],[147.244035,-42.914254],[147.242474,-42.913828],[147.241239,-42.913716],[147.238978,-42.91352],[147.236657,-42.912713],[147.234981,-42.912428],[147.233408,-42.911435],[147.229193,-42.909504],[147.231068,-42.909091],[147.233632,-42.907608],[147.233741,-42.906869],[147.233176,-42.905145],[147.232607,-42.902437],[147.232512,-42.900424],[147.232483,-42.89907],[147.232924,-42.898088],[147.234711,-42.897588],[147.236287,-42.896407],[147.2362988,-42.8963991],[147.236109,-42.896259],[147.236084,-42.89595],[147.235649,-42.895838],[147.2354406,-42.8953378],[147.2354398,-42.8953375],[147.23544,-42.895338],[147.234701,-42.895042]]]]}},
{"type":"Feature","properties":{"fid":9,"OBJECTID":9,"Management_Zone":"Remote Zone","Area":"Mount Connection","Shape_Length":24355.751235889667,"Shape_Area":20168613.064479165,"AF_CONF":-1,"Management_Authority":"Wellington Park Management Trust","Management_Plan":"Wellington Park Management Plan","Zone_Name":"Remote Zone - Mount Connection"},"geometry":{"type":"MultiPolygon","coordinates":[[[[147.198505,-42.870786],[147.198436,-42.870375],[147.198396,-42.870347],[147.198151,-42.870196],[147.198139,-42.870189],[147.197675,-42.86989],[147.197357,-42.869692],[147.197193,-42.869602],[147.196992,-42.869501],[147.196979,-42.869494],[147.196662,-42.869327],[147.196307,-42.869144],[147.196016,-42.86902],[147.195666,-42.868891],[147.195344,-42.868782],[147.194804,-42.868884],[147.194766,-42.86889],[147.193984,-42.868998],[147.193743,-42.869034],[147.193288,-42.869108],[147.193254,-42.869113],[147.192941,-42.86915],[147.19285,-42.869156],[147.192441,-42.86916],[147.192072,-42.869204],[147.192033,-42.869208],[147.191965,-42.869213],[147.191843,-42.86924],[147.191815,-42.869246],[147.191624,-42.869281],[147.191463,-42.869322],[147.191309,-42.869364],[147.191155,-42.86941],[147.191103,-42.869423],[147.19099,-42.869448],[147.190851,-42.869499],[147.190805,-42.869514],[147.1904,-42.869633],[147.190261,-42.869677],[147.190013,-42.869764],[147.189965,-42.869779],[147.189689,-42.869854],[147.189624,-42.869869],[147.189348,-42.86992],[147.189262,-42.869931],[147.188968,-42.869953],[147.188938,-42.869955],[147.188375,-42.869977],[147.188324,-42.869983],[147.188262,-42.869995],[147.187928,-42.870074],[147.187892,-42.870082],[147.18773,-42.870112],[147.187697,-42.870118],[147.187247,-42.870184],[147.187127,-42.870207],[147.186766,-42.870295],[147.186594,-42.870352],[147.186498,-42.870377],[147.18588,-42.870499],[147.185491,-42.870597],[147.185391,-42.870615],[147.185254,-42.870632],[147.185025,-42.870667],[147.184872,-42.870703],[147.184788,-42.870728],[147.184694,-42.870782],[147.184535,-42.870884],[147.184438,-42.870936],[147.184306,-42.870978],[147.184191,-42.871003],[147.184042,-42.871022],[147.183754,-42.871031],[147.183728,-42.871032],[147.183703,-42.871031],[147.183289,-42.87102],[147.183223,-42.871015],[147.182888,-42.870979],[147.182737,-42.870947],[147.182576,-42.870896],[147.182462,-42.871023],[147.182304,-42.871222],[147.182197,-42.871379],[147.18218,-42.871401],[147.18209,-42.871487],[147.182077,-42.87152],[147.182049,-42.871578],[147.181985,-42.871688],[147.181953,-42.871734],[147.181861,-42.871824],[147.181726,-42.871926],[147.181603,-42.872019],[147.181577,-42.872037],[147.181422,-42.872141],[147.181364,-42.872175],[147.181282,-42.872218],[147.181149,-42.872325],[147.181066,-42.872421],[147.181048,-42.87244],[147.180874,-42.87262],[147.180824,-42.872665],[147.180665,-42.87279],[147.180592,-42.872839],[147.180511,-42.872885],[147.180493,-42.872908],[147.180435,-42.873015],[147.180382,-42.87314],[147.180328,-42.873231],[147.180294,-42.87327],[147.180204,-42.873361],[147.180078,-42.873457],[147.179931,-42.873539],[147.179868,-42.87357],[147.179851,-42.873576],[147.179631,-42.873664],[147.179363,-42.873788],[147.179173,-42.8739],[147.178962,-42.874043],[147.178631,-42.874269],[147.178456,-42.874411],[147.17837,-42.874468],[147.178161,-42.874583],[147.178102,-42.874612],[147.178055,-42.87463],[147.177387,-42.874861],[147.177157,-42.874944],[147.1771,-42.874962],[147.177019,-42.874984],[147.17692,-42.874997],[147.176771,-42.875112],[147.176639,-42.875219],[147.176548,-42.875278],[147.17632,-42.875401],[147.176232,-42.875468],[147.176101,-42.875542],[147.175955,-42.875587],[147.175624,-42.875654],[147.17562,-42.875655],[147.175325,-42.875712],[147.175311,-42.875715],[147.174876,-42.875792],[147.174871,-42.875793],[147.174642,-42.875831],[147.174614,-42.875835],[147.174099,-42.875905],[147.174091,-42.875906],[147.173813,-42.875941],[147.173607,-42.875995],[147.173549,-42.876008],[147.173351,-42.876044],[147.17319,-42.876102],[147.173049,-42.876138],[147.172558,-42.876215],[147.17247,-42.876275],[147.172326,-42.876379],[147.172223,-42.876438],[147.172098,-42.876496],[147.171936,-42.876571],[147.171867,-42.876624],[147.171851,-42.876636],[147.171753,-42.876705],[147.171331,-42.877075],[147.17107,-42.877319],[147.171048,-42.877339],[147.170607,-42.877705],[147.170603,-42.877709],[147.170436,-42.877844],[147.170383,-42.877882],[147.17025,-42.877967],[147.170074,-42.87812],[147.17005,-42.87814],[147.169756,-42.878367],[147.169436,-42.878615],[147.169158,-42.878832],[147.169138,-42.878846],[147.168987,-42.878953],[147.16875,-42.879121],[147.168511,-42.879306],[147.168442,-42.879351],[147.168297,-42.879434],[147.168244,-42.87946],[147.168104,-42.879524],[147.167896,-42.879638],[147.167852,-42.879662],[147.167754,-42.879739],[147.167475,-42.880006],[147.167457,-42.880021],[147.167273,-42.880183],[147.167187,-42.880244],[147.166978,-42.880366],[147.166762,-42.880523],[147.166661,-42.880579],[147.166541,-42.880668],[147.166518,-42.880677],[147.166466,-42.880697],[147.166394,-42.880721],[147.166227,-42.880766],[147.166015,-42.880794],[147.165978,-42.880793],[147.165867,-42.880788],[147.165651,-42.880749],[147.165613,-42.880737],[147.16561,-42.880759],[147.165643,-42.880936],[147.165648,-42.880996],[147.165635,-42.881089],[147.16557,-42.881319],[147.165526,-42.881416],[147.165469,-42.881507],[147.165445,-42.88154],[147.165393,-42.881608],[147.165391,-42.88161],[147.165257,-42.881729],[147.165256,-42.88173],[147.165231,-42.881764],[147.16522,-42.881779],[147.165195,-42.881808],[147.165088,-42.881924],[147.164905,-42.882123],[147.164784,-42.882221],[147.164495,-42.882393],[147.164475,-42.882405],[147.164221,-42.882544],[147.164061,-42.882702],[147.163877,-42.882822],[147.163712,-42.882892],[147.163565,-42.882937],[147.163354,-42.882979],[147.163331,-42.882984],[147.163141,-42.883016],[147.162958,-42.883056],[147.162831,-42.883089],[147.162621,-42.883147],[147.162394,-42.883289],[147.162304,-42.883336],[147.162276,-42.883347],[147.162157,-42.883392],[147.162097,-42.883412],[147.16196,-42.88345],[147.161883,-42.883468],[147.161747,-42.883492],[147.161657,-42.883502],[147.161517,-42.883511],[147.161466,-42.883512],[147.161392,-42.883509],[147.161123,-42.883486],[147.161064,-42.883478],[147.160861,-42.883445],[147.160809,-42.883435],[147.160723,-42.883416],[147.160664,-42.8834],[147.160525,-42.883356],[147.160376,-42.883316],[147.160304,-42.883292],[147.160178,-42.883244],[147.160156,-42.883235],[147.160091,-42.883203],[147.159993,-42.883148],[147.159956,-42.883126],[147.159819,-42.883037],[147.159803,-42.883026],[147.159247,-42.882636],[147.15908,-42.882565],[147.158913,-42.882496],[147.158906,-42.882494],[147.158888,-42.882486],[147.158666,-42.882385],[147.158664,-42.882384],[147.158274,-42.882204],[147.157636,-42.881951],[147.157621,-42.881945],[147.157519,-42.881891],[147.157364,-42.88179],[147.157318,-42.881756],[147.157231,-42.881686],[147.157212,-42.881681],[147.15702,-42.881641],[147.156858,-42.881625],[147.156593,-42.881608],[147.15638,-42.881565],[147.156112,-42.88147],[147.156073,-42.881455],[147.156072,-42.881455],[147.155814,-42.881346],[147.1556,-42.88127],[147.155472,-42.881256],[147.155256,-42.881201],[147.155134,-42.881133],[147.154811,-42.880902],[147.154765,-42.880881],[147.154597,-42.880854],[147.154547,-42.880851],[147.154434,-42.880853],[147.154417,-42.880853],[147.15421,-42.880827],[147.154037,-42.880782],[147.15388,-42.88075],[147.15387,-42.880748],[147.15373,-42.880718],[147.153624,-42.880698],[147.153567,-42.880692],[147.153498,-42.880701],[147.15338,-42.880711],[147.153165,-42.880746],[147.153033,-42.880757],[147.152946,-42.880752],[147.152711,-42.880728],[147.152524,-42.880685],[147.152492,-42.880674],[147.152482,-42.880673],[147.152265,-42.880618],[147.152232,-42.880602],[147.152119,-42.880547],[147.152025,-42.880491],[147.151937,-42.880427],[147.151893,-42.880391],[147.151789,-42.880296],[147.151735,-42.880239],[147.151669,-42.880118],[147.151627,-42.879989],[147.151611,-42.879914],[147.151606,-42.879862],[147.151542,-42.879717],[147.151519,-42.879566],[147.151493,-42.879503],[147.151221,-42.879232],[147.151219,-42.879229],[147.150926,-42.878932],[147.150791,-42.878816],[147.150728,-42.87875],[147.150725,-42.878746],[147.150578,-42.878556],[147.150515,-42.87844],[147.150456,-42.878262],[147.150444,-42.878214],[147.150421,-42.878086],[147.150357,-42.877934],[147.1503,-42.877801],[147.150279,-42.87774],[147.15025,-42.877614],[147.150241,-42.877539],[147.150241,-42.877538],[147.150209,-42.877522],[147.15003,-42.877436],[147.149897,-42.87735],[147.149709,-42.877188],[147.149701,-42.877181],[147.149516,-42.877015],[147.149486,-42.876985],[147.149377,-42.876868],[147.149352,-42.876839],[147.149338,-42.876821],[147.149208,-42.876638],[147.149073,-42.876543],[147.148966,-42.876443],[147.148899,-42.876318],[147.148878,-42.876253],[147.148857,-42.876186],[147.148822,-42.876151],[147.14879,-42.876114],[147.148763,-42.876076],[147.148701,-42.875978],[147.148646,-42.875899],[147.148578,-42.875722],[147.148565,-42.875577],[147.148564,-42.875548],[147.148577,-42.875454],[147.148635,-42.875254],[147.148704,-42.875124],[147.148726,-42.875099],[147.148726,-42.875087],[147.14873,-42.875032],[147.148748,-42.874925],[147.148686,-42.874934],[147.148561,-42.874959],[147.148412,-42.874988],[147.148389,-42.874993],[147.148217,-42.875022],[147.148081,-42.875033],[147.147774,-42.874973],[147.147719,-42.874947],[147.147587,-42.875059],[147.14746,-42.875206],[147.147408,-42.875257],[147.147287,-42.87536],[147.147275,-42.87537],[147.147182,-42.875445],[147.147089,-42.875561],[147.146895,-42.875711],[147.146637,-42.875835],[147.146506,-42.8759],[147.146471,-42.875916],[147.146458,-42.875921],[147.146388,-42.875949],[147.146352,-42.875974],[147.146179,-42.876117],[147.146142,-42.876145],[147.145944,-42.876282],[147.145678,-42.876493],[147.145655,-42.876511],[147.145308,-42.876757],[147.145295,-42.876766],[147.144904,-42.877028],[147.144682,-42.877209],[147.144192,-42.87764],[147.144157,-42.877668],[147.143934,-42.877834],[147.143881,-42.877967],[147.143824,-42.878066],[147.1438,-42.878093],[147.143633,-42.878275],[147.143511,-42.878372],[147.143434,-42.878419],[147.14336,-42.878476],[147.143356,-42.878478],[147.143193,-42.878601],[147.143147,-42.878633],[147.142997,-42.878725],[147.142958,-42.878747],[147.142802,-42.878829],[147.142693,-42.878892],[147.142619,-42.87893],[147.142601,-42.878937],[147.142429,-42.879005],[147.142426,-42.879006],[147.142397,-42.879017],[147.142294,-42.879083],[147.142179,-42.879163],[147.142124,-42.87922],[147.142071,-42.879267],[147.141983,-42.879334],[147.141932,-42.879369],[147.141832,-42.879431],[147.141747,-42.879474],[147.141618,-42.87953],[147.141616,-42.879531],[147.141584,-42.879543],[147.141459,-42.87959],[147.141228,-42.879636],[147.141086,-42.879644],[147.140867,-42.879658],[147.140743,-42.879672],[147.140737,-42.879672],[147.140558,-42.879691],[147.140393,-42.879734],[147.140326,-42.87976],[147.140285,-42.879775],[147.14,-42.879867],[147.139837,-42.879933],[147.139759,-42.87996],[147.13968,-42.879982],[147.139535,-42.880051],[147.139304,-42.880163],[147.139272,-42.880178],[147.139209,-42.880201],[147.138778,-42.880339],[147.138754,-42.880346],[147.13837,-42.880455],[147.138135,-42.880543],[147.138238,-42.880759],[147.138566,-42.881166],[147.138907,-42.881573],[147.138998,-42.881672],[147.139018,-42.881694],[147.139119,-42.881817],[147.139124,-42.881824],[147.139202,-42.88199],[147.139222,-42.882103],[147.139252,-42.882171],[147.139262,-42.882194],[147.139307,-42.882319],[147.139315,-42.882344],[147.139349,-42.882464],[147.13936,-42.882524],[147.139369,-42.882616],[147.13937,-42.882647],[147.139362,-42.882723],[147.139353,-42.88276],[147.139321,-42.882845],[147.139276,-42.882931],[147.139263,-42.882955],[147.139226,-42.883016],[147.139276,-42.883041],[147.139327,-42.883069],[147.139405,-42.883117],[147.139637,-42.883257],[147.139779,-42.883379],[147.139796,-42.883403],[147.139838,-42.883464],[147.13994,-42.883602],[147.139947,-42.883611],[147.140056,-42.883766],[147.14007,-42.883787],[147.140154,-42.883925],[147.140167,-42.883948],[147.140216,-42.884042],[147.140235,-42.884084],[147.140263,-42.884159],[147.14028,-42.88422],[147.140294,-42.884298],[147.1403,-42.884346],[147.140302,-42.884419],[147.140302,-42.884429],[147.140299,-42.884474],[147.140289,-42.884555],[147.140271,-42.884626],[147.140223,-42.884763],[147.140209,-42.884796],[147.140168,-42.884883],[147.14014,-42.884932],[147.140072,-42.885035],[147.139943,-42.885274],[147.139913,-42.885322],[147.139885,-42.885359],[147.139919,-42.885374],[147.139982,-42.885391],[147.140069,-42.885422],[147.140291,-42.885583],[147.140306,-42.885603],[147.140309,-42.885606],[147.140355,-42.885678],[147.140379,-42.885727],[147.140402,-42.885786],[147.14042,-42.885848],[147.140433,-42.885918],[147.140438,-42.885993],[147.140439,-42.886017],[147.140439,-42.886021],[147.140438,-42.886166],[147.140422,-42.886265],[147.140386,-42.886376],[147.140342,-42.886468],[147.140292,-42.886546],[147.140274,-42.886577],[147.14026,-42.886636],[147.140188,-42.886784],[147.140187,-42.886785],[147.140108,-42.886886],[147.139923,-42.887133],[147.139737,-42.887383],[147.139654,-42.887498],[147.139622,-42.887552],[147.139601,-42.887659],[147.139581,-42.887769],[147.139518,-42.887914],[147.139409,-42.888068],[147.139396,-42.888086],[147.139358,-42.888129],[147.139344,-42.888142],[147.139365,-42.888189],[147.139384,-42.888243],[147.139405,-42.888323],[147.139414,-42.888373],[147.139421,-42.888433],[147.139429,-42.888453],[147.139438,-42.888482],[147.139587,-42.889006],[147.139681,-42.889284],[147.139697,-42.889358],[147.139714,-42.889521],[147.139716,-42.889555],[147.139702,-42.88965],[147.139657,-42.889803],[147.13964,-42.889921],[147.139627,-42.889975],[147.139589,-42.890093],[147.139586,-42.890103],[147.139543,-42.890226],[147.139511,-42.890292],[147.139424,-42.89044],[147.139393,-42.890484],[147.13935,-42.890532],[147.139271,-42.890609],[147.139105,-42.89072],[147.138993,-42.89077],[147.138979,-42.890777],[147.138969,-42.890781],[147.138906,-42.890806],[147.138837,-42.89083],[147.138726,-42.890863],[147.138675,-42.890876],[147.138619,-42.890889],[147.138436,-42.890935],[147.138367,-42.890949],[147.137924,-42.891021],[147.137852,-42.891029],[147.137416,-42.89106],[147.137407,-42.891061],[147.137275,-42.891069],[147.137139,-42.891102],[147.137279,-42.891176],[147.137397,-42.891259],[147.137514,-42.891365],[147.137592,-42.891413],[147.13769,-42.891488],[147.13773,-42.891527],[147.137831,-42.891577],[147.137871,-42.891598],[147.13808,-42.891721],[147.13823,-42.891802],[147.138349,-42.891886],[147.138445,-42.891976],[147.138596,-42.892084],[147.138651,-42.892129],[147.13875,-42.892222],[147.138879,-42.892336],[147.139012,-42.892444],[147.139199,-42.892533],[147.139262,-42.892567],[147.139337,-42.892613],[147.13938,-42.892634],[147.139605,-42.89272],[147.139628,-42.892729],[147.139673,-42.89275],[147.139949,-42.892892],[147.140067,-42.892971],[147.140295,-42.893169],[147.140357,-42.893234],[147.140394,-42.89329],[147.140457,-42.893403],[147.14047,-42.893428],[147.140512,-42.893519],[147.140542,-42.893618],[147.140549,-42.89367],[147.140553,-42.893679],[147.140566,-42.89374],[147.140756,-42.893885],[147.140821,-42.893944],[147.140997,-42.894134],[147.1411,-42.894225],[147.141211,-42.894316],[147.141254,-42.894336],[147.141302,-42.894351],[147.141515,-42.894409],[147.142138,-42.89454],[147.142202,-42.894557],[147.142287,-42.894582],[147.142335,-42.894599],[147.142423,-42.894632],[147.142447,-42.894642],[147.142469,-42.894651],[147.142685,-42.894752],[147.142797,-42.894819],[147.142822,-42.894838],[147.14288,-42.894888],[147.143004,-42.895015],[147.143036,-42.895052],[147.143064,-42.895092],[147.143103,-42.895156],[147.143148,-42.89526],[147.143161,-42.895313],[147.143171,-42.895394],[147.143171,-42.89546],[147.143163,-42.895537],[147.143138,-42.895643],[147.143105,-42.895731],[147.143075,-42.895787],[147.143036,-42.895848],[147.143019,-42.895868],[147.143021,-42.895869],[147.15575,-42.907288],[147.161004,-42.919936],[147.161194,-42.920701],[147.161308,-42.921394],[147.161388,-42.921759],[147.161536,-42.922047],[147.163281,-42.923981],[147.16346,-42.924218],[147.163551,-42.924466],[147.16365,-42.92479],[147.163837,-42.92561],[147.164269,-42.926741],[147.164665,-42.927342],[147.165225,-42.92804],[147.165424,-42.928192],[147.165976,-42.928479],[147.167185,-42.928932],[147.168351,-42.929623],[147.170402,-42.931205],[147.171394,-42.931957],[147.171864,-42.932347],[147.172066,-42.932658],[147.172369,-42.933436],[147.173049,-42.935614],[147.17345,-42.9366],[147.17359,-42.936849],[147.174041,-42.937395],[147.17444,-42.93762],[147.174729,-42.937731],[147.180447,-42.93166],[147.178839,-42.927004],[147.177162,-42.926514],[147.175702,-42.92432],[147.174135,-42.922905],[147.172118,-42.920627],[147.174167,-42.91958],[147.177792,-42.91895],[147.179905,-42.916901],[147.18418,-42.91363],[147.186446,-42.911525],[147.188956,-42.909825],[147.190338,-42.909467],[147.191635,-42.909164],[147.195017,-42.906893],[147.1966922,-42.9047258],[147.198094,-42.902912],[147.19982,-42.900725],[147.200237,-42.89928],[147.2030499,-42.8960033],[147.204179,-42.894688],[147.205865,-42.893388],[147.20744,-42.892056],[147.207437,-42.891153],[147.2077898,-42.8909714],[147.2077895,-42.8909713],[147.206354,-42.890544],[147.205385,-42.889997],[147.203693,-42.889121],[147.202769,-42.887635],[147.201753,-42.886554],[147.198416,-42.883651],[147.195946,-42.882371],[147.193551,-42.881226],[147.192263,-42.880822],[147.190449,-42.880152],[147.189733,-42.87945],[147.189267,-42.878578],[147.188758,-42.877447],[147.191788,-42.876021],[147.193248,-42.875482],[147.195139,-42.874392],[147.196608,-42.873714],[147.197508,-42.872515],[147.197872,-42.871987],[147.198715,-42.871289],[147.198505,-42.870786]]]]}},
{"type":"Feature","properties":{"fid":10,"OBJECTID":10,"Management_Zone":"Recreation Zone","Area":"Hobart Foothills","Shape_Length":18912.100933361806,"Shape_Area":9884340.9452169109,"AF_CONF":53,"Management_Authority":"Wellington Park Management Trust","Management_Plan":"Wellington Park Management Plan","Zone_Name":"Recreation Zone - Hobart Foothills"},"geometry":{"type":"MultiPolygon","coordinates":[[[[147.2616081,-42.8743387],[147.2616078,-42.8743386],[147.2607933,-42.874231],[147.2602027,-42.8741668],[147.2600673,-42.8741521],[147.2592964,-42.8740718],[147.259135,-42.8740546],[147.2590684,-42.8740781],[147.2590307,-42.8741028],[147.2588593,-42.8741436],[147.2586661,-42.874194],[147.258666,-42.874194],[147.2584249,-42.8742441],[147.258193,-42.8743094],[147.2580048,-42.8743585],[147.2579129,-42.8743788],[147.257859,-42.8743908],[147.257766,-42.8744088],[147.2577394,-42.874414],[147.2575844,-42.8744234],[147.2574944,-42.8744268],[147.2573685,-42.8744315],[147.257264,-42.874448],[147.257244,-42.8744511],[147.2571984,-42.8744619],[147.2570602,-42.8744947],[147.2568794,-42.8745368],[147.2568546,-42.8745429],[147.2567292,-42.8745732],[147.2566343,-42.8745928],[147.256566,-42.8746068],[147.2564973,-42.874613],[147.2563836,-42.8746234],[147.2562029,-42.8746174],[147.2561561,-42.8746159],[147.2559827,-42.8746028],[147.2558423,-42.874582],[147.2558421,-42.874582],[147.2558393,-42.8745823],[147.2557943,-42.8745877],[147.2557213,-42.8746157],[147.2556052,-42.8746688],[147.2555983,-42.8746713],[147.2555793,-42.8746784],[147.2555604,-42.8746854],[147.2554324,-42.874733],[147.2553556,-42.8747651],[147.2551465,-42.8748502],[147.2551435,-42.8748513],[147.2549537,-42.8749211],[147.2547641,-42.8749834],[147.2546441,-42.8750118],[147.2546351,-42.8750139],[147.2546206,-42.8750162],[147.2544782,-42.8750384],[147.254355,-42.8750392],[147.2543388,-42.8750386],[147.254309,-42.8750377],[147.2542288,-42.875035],[147.2541008,-42.8750234],[147.2539516,-42.8750117],[147.253845,-42.8750102],[147.2537178,-42.8750083],[147.2534545,-42.8750364],[147.2532259,-42.8750743],[147.2529711,-42.8751253],[147.2528411,-42.8751457],[147.2527139,-42.8751657],[147.2525624,-42.8752007],[147.2524682,-42.8752076],[147.2523627,-42.8752154],[147.2522598,-42.8752165],[147.252163,-42.8752177],[147.2519533,-42.8752332],[147.2517627,-42.875251],[147.2517572,-42.8752515],[147.2516345,-42.8752615],[147.2515562,-42.8752679],[147.2513514,-42.8752917],[147.251271,-42.8753014],[147.2511789,-42.8753124],[147.2510684,-42.8753181],[147.2510165,-42.8753208],[147.250947,-42.8753262],[147.2508142,-42.8753364],[147.2505604,-42.8753471],[147.2503611,-42.8753796],[147.2501909,-42.8754246],[147.2500865,-42.8754517],[147.2499952,-42.8754754],[147.2499218,-42.8755024],[147.2498348,-42.8755346],[147.2497358,-42.8755695],[147.2496742,-42.8755912],[147.2496691,-42.8755931],[147.249662,-42.8755955],[147.2495329,-42.875638],[147.2494288,-42.87567],[147.2493878,-42.8756771],[147.2493179,-42.8756891],[147.2492424,-42.8756942],[147.2491592,-42.8756998],[147.2490317,-42.8756909],[147.2490193,-42.87569],[147.2490191,-42.87569],[147.249019,-42.87569],[147.2488224,-42.8756649],[147.2486817,-42.8756825],[147.2485357,-42.8757006],[147.2485067,-42.8757041],[147.2482373,-42.8757212],[147.2479584,-42.8757542],[147.2477258,-42.8757545],[147.2475608,-42.8757389],[147.247507,-42.8757338],[147.2474371,-42.8757169],[147.2473314,-42.8756914],[147.2473249,-42.875688],[147.2472038,-42.8756253],[147.2470708,-42.8755644],[147.2470657,-42.875562],[147.2469023,-42.8755425],[147.2467789,-42.8755703],[147.2467344,-42.8755948],[147.2467245,-42.8756002],[147.246744,-42.8756538],[147.246744,-42.8756539],[147.2467427,-42.8756618],[147.2467374,-42.8756955],[147.246737,-42.875696],[147.2467015,-42.8757479],[147.2466413,-42.8757721],[147.2465867,-42.875794],[147.2465866,-42.8757941],[147.2465858,-42.8757941],[147.2464827,-42.8758036],[147.2462243,-42.8758349],[147.2462084,-42.8758364],[147.2460064,-42.8758545],[147.2459362,-42.8758532],[147.2457763,-42.8758502],[147.2457399,-42.8758509],[147.2455873,-42.8758539],[147.2455412,-42.8758587],[147.2454156,-42.8758538],[147.2453792,-42.8758607],[147.2452479,-42.8758854],[147.2451183,-42.8759253],[147.2450598,-42.8759592],[147.2450157,-42.8759848],[147.2448847,-42.8760595],[147.244884,-42.87606],[147.2447421,-42.8761514],[147.2445851,-42.8762451],[147.2444879,-42.876304],[147.2444548,-42.876324],[147.2444048,-42.8763579],[147.2443138,-42.8763975],[147.2441568,-42.8764602],[147.2441323,-42.87647],[147.2438692,-42.8765879],[147.2438559,-42.8765944],[147.2437219,-42.8766596],[147.2436629,-42.8766904],[147.2436193,-42.8767132],[147.2434978,-42.8767572],[147.2433589,-42.8767995],[147.2432049,-42.8768832],[147.2431759,-42.8769025],[147.2430438,-42.8769907],[147.2429394,-42.8770674],[147.2429334,-42.8770717],[147.2429332,-42.8770718],[147.2427968,-42.8771507],[147.2425602,-42.8772446],[147.2423582,-42.8773236],[147.2422934,-42.8773535],[147.2422326,-42.8773814],[147.2422085,-42.8773945],[147.2421237,-42.8774405],[147.2420649,-42.8774683],[147.2420093,-42.8774945],[147.2418914,-42.8775303],[147.2417418,-42.8775681],[147.2416329,-42.8776184],[147.2414785,-42.8776732],[147.2413855,-42.8777113],[147.2412419,-42.8777699],[147.2410001,-42.8778937],[147.2407827,-42.8780301],[147.2406745,-42.8780892],[147.2405762,-42.878143],[147.2403623,-42.8782661],[147.2401571,-42.8783804],[147.2399994,-42.8784646],[147.2399246,-42.8785045],[147.2398002,-42.8785589],[147.2396986,-42.8786034],[147.2395329,-42.878631],[147.2394562,-42.8786438],[147.2391301,-42.8787096],[147.2390026,-42.8787748],[147.2389489,-42.8788022],[147.2388363,-42.8789066],[147.2386062,-42.8790701],[147.2385333,-42.8791264],[147.2384453,-42.8791946],[147.2382637,-42.8793119],[147.2380979,-42.8794396],[147.2379537,-42.8795529],[147.2379044,-42.8795879],[147.2377784,-42.8796775],[147.2376548,-42.8797901],[147.2376449,-42.879799],[147.2374911,-42.8798959],[147.237491,-42.879896],[147.2373328,-42.8799805],[147.2372006,-42.8800608],[147.2370818,-42.880168],[147.2369487,-42.8803701],[147.2367765,-42.8805775],[147.23666,-42.880676],[147.2366599,-42.880676],[147.2366595,-42.8806765],[147.2366571,-42.8806781],[147.2366273,-42.8806987],[147.2365573,-42.8807277],[147.236527,-42.8807402],[147.2364861,-42.8807579],[147.2364403,-42.8807776],[147.2364142,-42.8807985],[147.236367,-42.8808363],[147.236226,-42.880962],[147.2360834,-42.8810561],[147.2359939,-42.8811136],[147.235907,-42.8811849],[147.2358811,-42.8812061],[147.2358574,-42.8812277],[147.2357931,-42.8812864],[147.2357008,-42.8813728],[147.2356526,-42.8814119],[147.23563,-42.8814302],[147.2355645,-42.8814628],[147.2355477,-42.8814711],[147.2355396,-42.8814749],[147.2354437,-42.8815205],[147.2353536,-42.8815712],[147.235338,-42.8815799],[147.2352487,-42.8816571],[147.2351947,-42.881767],[147.2351887,-42.881793],[147.2351765,-42.8818454],[147.2351562,-42.8819088],[147.2351406,-42.8819579],[147.2351111,-42.882025],[147.2350964,-42.8820586],[147.2350493,-42.8821217],[147.2350356,-42.8821386],[147.2349721,-42.8822166],[147.2349601,-42.8822322],[147.2348986,-42.8823115],[147.2348539,-42.8823673],[147.2348168,-42.8823924],[147.2347718,-42.8824229],[147.2347022,-42.8824588],[147.2346592,-42.882481],[147.2346437,-42.8824976],[147.2345996,-42.8825447],[147.2345489,-42.882614],[147.2345403,-42.8826258],[147.2345324,-42.8826348],[147.2344759,-42.8826995],[147.2344259,-42.8827442],[147.2344082,-42.8827601],[147.2343877,-42.8827757],[147.2343206,-42.8828267],[147.2342666,-42.8828626],[147.2342397,-42.8828805],[147.2341978,-42.8829169],[147.2341448,-42.8829629],[147.2341447,-42.882963],[147.2341445,-42.8829629],[147.222025,-42.885066],[147.222042,-42.885171],[147.22216,-42.885287],[147.222161,-42.885587],[147.222129,-42.885953],[147.222171,-42.886098],[147.222214,-42.886227],[147.222256,-42.886328],[147.222398,-42.886438],[147.222591,-42.886564],[147.222767,-42.886699],[147.222977,-42.886828],[147.223111,-42.886957],[147.223216,-42.887064],[147.223371,-42.887162],[147.22358,-42.887236],[147.223928,-42.887343],[147.224166,-42.887404],[147.224355,-42.887462],[147.224682,-42.887612],[147.224853,-42.887694],[147.22518,-42.887746],[147.225803,-42.887782],[147.226928,-42.887844],[147.228112,-42.887903],[147.228371,-42.887989],[147.22856,-42.888102],[147.228703,-42.888256],[147.228799,-42.888357],[147.229335,-42.888497],[147.230791,-42.888848],[147.231813,-42.88912],[147.232767,-42.889327],[147.232964,-42.889326],[147.233482,-42.889295],[147.233967,-42.889343],[147.234482,-42.889495],[147.235454,-42.889789],[147.235935,-42.889821],[147.236337,-42.889938],[147.236679,-42.889872],[147.238235,-42.889906],[147.238967,-42.889938],[147.239833,-42.890056],[147.240787,-42.890242],[147.241649,-42.890412],[147.242093,-42.890547],[147.242458,-42.890795],[147.243012,-42.891224],[147.243588,-42.892038],[147.243799,-42.892545],[147.244232,-42.893199],[147.244464,-42.893709],[147.244532,-42.893909],[147.244613,-42.894333],[147.244643,-42.894739],[147.24465,-42.895138],[147.244593,-42.89552],[147.244531,-42.895855],[147.244375,-42.896387],[147.244147,-42.897052],[147.243986,-42.897606],[147.243861,-42.898744],[147.243759,-42.899356],[147.243756,-42.899605],[147.243866,-42.900035],[147.243826,-42.900398],[147.243682,-42.900983],[147.243248,-42.902497],[147.243062,-42.903017],[147.243055,-42.903367],[147.243388,-42.903914],[147.243695,-42.904307],[147.244132,-42.90477],[147.244325,-42.905093],[147.244323,-42.905459],[147.244138,-42.906489],[147.243929,-42.907504],[147.243797,-42.909024],[147.243846,-42.909802],[147.244082,-42.911136],[147.244221,-42.911523],[147.245138,-42.91282],[147.245612,-42.913438],[147.2456187,-42.9134473],[147.245652,-42.913439],[147.247443,-42.912996],[147.247501,-42.913083],[147.247541,-42.913127],[147.247601,-42.913177],[147.247734,-42.913236],[147.248135,-42.913348],[147.248451,-42.913439],[147.248887,-42.913616],[147.24906,-42.913715],[147.24924,-42.913864],[147.249707,-42.914233],[147.249814,-42.914296],[147.250096,-42.914396],[147.25027,-42.914464],[147.250522,-42.914517],[147.250732,-42.914536],[147.250982,-42.914533],[147.251376,-42.914526],[147.251638,-42.91454],[147.251997,-42.914611],[147.252128,-42.914667],[147.252263,-42.914758],[147.252331,-42.914845],[147.252308,-42.914977],[147.252277,-42.915082],[147.252,-42.915381],[147.251872,-42.915525],[147.251655,-42.915762],[147.251028,-42.916562],[147.250969,-42.916988],[147.250974,-42.917124],[147.250974,-42.91722],[147.252449,-42.918451],[147.252932,-42.920256],[147.252886,-42.921286],[147.252107,-42.921916],[147.2521068,-42.9219162],[147.252096,-42.921925],[147.2520911,-42.9219393],[147.25209,-42.921941],[147.251992,-42.922231],[147.2519737,-42.9222734],[147.2528744,-42.9226329],[147.2529305,-42.9226553],[147.2530739,-42.9227132],[147.2536971,-42.9229593],[147.2537698,-42.9229886],[147.2539555,-42.9230636],[147.2543501,-42.9232207],[147.2545828,-42.9233133],[147.2545829,-42.923313],[147.2546091,-42.9232433],[147.2546261,-42.9231978],[147.2547092,-42.9229769],[147.2547275,-42.9229283],[147.2547497,-42.9228692],[147.2547499,-42.9228692],[147.2548408,-42.9228688],[147.2551973,-42.9228672],[147.255306,-42.92289],[147.2556758,-42.9229675],[147.256599,-42.9233665],[147.2568966,-42.9233859],[147.2575627,-42.9232256],[147.2581392,-42.9231339],[147.2585014,-42.9230762],[147.2586972,-42.9229974],[147.2587728,-42.922967],[147.2590727,-42.9227451],[147.2592704,-42.9225988],[147.259627,-42.9223351],[147.2598055,-42.9222784],[147.2598306,-42.9221884],[147.259833,-42.9221796],[147.2598667,-42.9220588],[147.2598914,-42.9219701],[147.2598694,-42.9219032],[147.2598153,-42.9217371],[147.2597546,-42.9215509],[147.2596525,-42.9213398],[147.2595064,-42.9210377],[147.2594603,-42.9209424],[147.259513,-42.9208722],[147.2596345,-42.9207104],[147.2600232,-42.92058],[147.2601342,-42.9205428],[147.2602423,-42.9204527],[147.2603979,-42.9203232],[147.260398,-42.920323],[147.2603997,-42.9203169],[147.2606013,-42.9195912],[147.2607025,-42.919218],[147.2609382,-42.918348],[147.2610893,-42.9177895],[147.2610895,-42.917789],[147.2611491,-42.9175727],[147.2611494,-42.9175717],[147.2613044,-42.9169943],[147.2613372,-42.9168253],[147.2613498,-42.91676],[147.2615218,-42.9160803],[147.2616618,-42.9154548],[147.2616828,-42.9153601],[147.2617234,-42.9151886],[147.2617922,-42.914898],[147.261867,-42.9145824],[147.2621712,-42.9147473],[147.2624152,-42.9148425],[147.2625157,-42.9148772],[147.262602,-42.9149101],[147.262638,-42.9149239],[147.2626659,-42.914931],[147.2627896,-42.9149624],[147.2629997,-42.9149868],[147.2630103,-42.914988],[147.2632304,-42.915004],[147.263463,-42.9150204],[147.2636434,-42.9150244],[147.263806,-42.9150434],[147.2640335,-42.91507],[147.2640724,-42.9150746],[147.2642451,-42.9150899],[147.264257,-42.9150909],[147.264257,-42.9150909],[147.2642637,-42.9149746],[147.264265,-42.9149512],[147.2651907,-42.9149042],[147.2655109,-42.9148879],[147.2655097,-42.9148773],[147.265505,-42.9148323],[147.2654751,-42.91456],[147.2653929,-42.9138879],[147.2653785,-42.9137701],[147.2654219,-42.9136358],[147.2656636,-42.9136103],[147.2660786,-42.9135665],[147.2660786,-42.913566],[147.2660576,-42.9133835],[147.2660483,-42.9132959],[147.2660383,-42.9132027],[147.2660225,-42.9130484],[147.2660199,-42.9130229],[147.2660008,-42.912843],[147.2659953,-42.9127949],[147.2659806,-42.9126647],[147.2659622,-42.9124816],[147.2659442,-42.9123031],[147.2659279,-42.9121416],[147.2659257,-42.9121202],[147.2659067,-42.9119331],[147.2659066,-42.911933],[147.2653895,-42.912086],[147.2652779,-42.9121191],[147.2651836,-42.9119482],[147.2648683,-42.9113768],[147.2643851,-42.9105506],[147.2639102,-42.9097149],[147.2634842,-42.9089643],[147.2639064,-42.9088342],[147.2642447,-42.9087455],[147.2648477,-42.9085875],[147.2652596,-42.9085156],[147.2656967,-42.9085205],[147.2659765,-42.908443],[147.2662021,-42.9083804],[147.2662011,-42.9083802],[147.2648193,-42.9081195],[147.2631495,-42.9083941],[147.2631494,-42.9083939],[147.262964,-42.9080806],[147.2618934,-42.9061751],[147.2610031,-42.9045903],[147.2609321,-42.904466],[147.2609077,-42.9044231],[147.266318,-42.9023797],[147.2664462,-42.9023399],[147.26665,-42.9022766],[147.2698392,-42.9012795],[147.2700238,-42.9011819],[147.2700348,-42.9011761],[147.2699988,-42.9011127],[147.269308,-42.8998988],[147.2689799,-42.8993328],[147.2689798,-42.8993326],[147.2689781,-42.8993296],[147.2690395,-42.8993108],[147.2690765,-42.8992995],[147.269078,-42.899299],[147.2690783,-42.8992989],[147.2691431,-42.8992673],[147.2692094,-42.8992252],[147.2692765,-42.8991735],[147.2693505,-42.8991209],[147.2694381,-42.8990663],[147.2695592,-42.8989947],[147.269671,-42.8989211],[147.2697931,-42.8988555],[147.269737,-42.8967946],[147.2697342,-42.8966941],[147.2696736,-42.8956324],[147.2665817,-42.8952973],[147.2675474,-42.8928705],[147.2675475,-42.8928705],[147.267548,-42.8928708],[147.2683938,-42.8934321],[147.2688031,-42.8937037],[147.2700539,-42.8900779],[147.270054,-42.8900776],[147.2684382,-42.887691],[147.2680595,-42.8871298],[147.268043,-42.8871053],[147.2664702,-42.8847742],[147.2664701,-42.8847741],[147.2649045,-42.883791],[147.2635532,-42.8829424],[147.2627533,-42.8824401],[147.2627531,-42.8824401],[147.2627444,-42.8824391],[147.2626669,-42.8824305],[147.2624944,-42.8823886],[147.2623703,-42.8823441],[147.2621942,-42.8822865],[147.2620637,-42.8822134],[147.2620468,-42.882204],[147.2619597,-42.882152],[147.2619008,-42.8821168],[147.2617958,-42.8820294],[147.2616382,-42.8819065],[147.2615862,-42.8818682],[147.2614923,-42.8817992],[147.2614132,-42.8817421],[147.261413,-42.881742],[147.261413,-42.881742],[147.2612595,-42.8816746],[147.2611622,-42.8816288],[147.2611231,-42.8816004],[147.2611091,-42.8815902],[147.2610784,-42.8815615],[147.2610381,-42.8815239],[147.2609514,-42.8814778],[147.2608157,-42.8814145],[147.2606982,-42.8813638],[147.2606924,-42.8813613],[147.2606062,-42.8813284],[147.260467,-42.8812482],[147.2604302,-42.8812283],[147.2601871,-42.8810973],[147.2600833,-42.881043],[147.260044,-42.8810225],[147.2599452,-42.8809842],[147.2599076,-42.8809697],[147.2597335,-42.8808929],[147.2597022,-42.8808825],[147.2596386,-42.8808614],[147.25961,-42.8808478],[147.2595823,-42.8808346],[147.2594738,-42.8807529],[147.2594661,-42.8807471],[147.2594493,-42.880735],[147.2593474,-42.880661],[147.2592343,-42.8805712],[147.2592114,-42.8805568],[147.2590803,-42.880474],[147.2589121,-42.880362],[147.2593823,-42.8801174],[147.2612267,-42.879158],[147.263823,-42.8778197],[147.2671879,-42.875417],[147.2671881,-42.8754168],[147.265981,-42.875076],[147.2638625,-42.8746366],[147.2616081,-42.8743387]]]]}},
{"type":"Feature","properties":{"fid":11,"OBJECTID":12,"Management_Zone":"Recreation Zone","Area":"Hobart Foothills","Shape_Length":19584.158982367127,"Shape_Area":5684450.377448705,"AF_CONF":50,"Management_Authority":"Wellington Park Management Trust","Management_Plan":"Wellington Park Management Plan","Zone_Name":"Recreation Zone - Hobart Foothills"},"geometry":{"type":"MultiPolygon","coordinates":[[[[147.2336266,-42.8354038],[147.2333071,-42.8352398],[147.2286883,-42.8329018],[147.228688,-42.832902],[147.2248312,-42.8368852],[147.2209621,-42.8408631],[147.2209524,-42.8408579],[147.2171672,-42.8388451],[147.217196,-42.838885],[147.217584,-42.839133],[147.217865,-42.839347],[147.218085,-42.839508],[147.21821,-42.839646],[147.218399,-42.839791],[147.218736,-42.839878],[147.21907,-42.84022],[147.219098,-42.840318],[147.219106,-42.840519],[147.219114,-42.840685],[147.219239,-42.840913],[147.21957,-42.841456],[147.219601,-42.84156],[147.219634,-42.841624],[147.219752,-42.841799],[147.219817,-42.841974],[147.219852,-42.84229],[147.219904,-42.842535],[147.219942,-42.843034],[147.220014,-42.843165],[147.22,-42.843322],[147.219986,-42.8433669],[147.219986,-42.843367],[147.219987,-42.8433676],[147.2199878,-42.8433681],[147.219994,-42.843372],[147.220915,-42.844047],[147.22156,-42.844451],[147.222113,-42.844924],[147.223034,-42.845328],[147.223935,-42.845768],[147.224874,-42.846],[147.22561,-42.845999],[147.227716,-42.845914],[147.229469,-42.845788],[147.231682,-42.845168],[147.231895,-42.845845],[147.232426,-42.846648],[147.232993,-42.847321],[147.233385,-42.848591],[147.234201,-42.850015],[147.234838,-42.850714],[147.235264,-42.851595],[147.235268,-42.852528],[147.23499,-42.853514],[147.23535,-42.855588],[147.235637,-42.856935],[147.235463,-42.857454],[147.234092,-42.858572],[147.232758,-42.859845],[147.230613,-42.861146],[147.230087,-42.862003],[147.229245,-42.86299],[147.229092,-42.863087],[147.230275,-42.863355],[147.230719,-42.863505],[147.230958,-42.863655],[147.230993,-42.86388],[147.23103,-42.864858],[147.230761,-42.865787],[147.230389,-42.866539],[147.230357,-42.867191],[147.230428,-42.867868],[147.230703,-42.86857],[147.230949,-42.870475],[147.230912,-42.871832],[147.231077,-42.872061],[147.231221,-42.872865],[147.231209,-42.873187],[147.23091,-42.874652],[147.230983,-42.875225],[147.23095,-42.87577],[147.231008,-42.876788],[147.230604,-42.877585],[147.229703,-42.878196],[147.22881,-42.878861],[147.228092,-42.879251],[147.228281,-42.8793828],[147.2316196,-42.8777192],[147.23453,-42.8762688],[147.238393,-42.8743435],[147.2410018,-42.8730432],[147.2410812,-42.8730945],[147.2412022,-42.8731727],[147.2453299,-42.8720035],[147.2453304,-42.8720034],[147.2486425,-42.8714041],[147.2511555,-42.8709533],[147.2526099,-42.8706948],[147.2534725,-42.8705372],[147.2535573,-42.8705217],[147.2549962,-42.8700264],[147.2555882,-42.8698226],[147.2565798,-42.8694813],[147.2565795,-42.8694812],[147.2555609,-42.8689543],[147.2552161,-42.8687759],[147.2552159,-42.8687758],[147.25498,-42.86877],[147.254979,-42.86877],[147.254096,-42.869318],[147.25377,-42.86956],[147.253326,-42.870174],[147.25294,-42.870504],[147.252553,-42.870636],[147.249723,-42.870226],[147.248846,-42.87015],[147.248234,-42.870207],[147.246684,-42.869926],[147.244497,-42.86932],[147.243392,-42.868836],[147.242506,-42.868188],[147.242505,-42.867701],[147.242648,-42.866673],[147.242945,-42.865662],[147.243597,-42.864894],[147.244487,-42.864082],[147.245734,-42.86305],[147.246446,-42.862501],[147.247545,-42.861907],[147.248316,-42.861117],[147.248998,-42.860305],[147.249145,-42.859822],[147.249471,-42.859493],[147.250423,-42.85936],[147.252373,-42.859421],[147.253282,-42.859346],[147.254682,-42.859569],[147.255815,-42.859939],[147.256026,-42.8599635],[147.2561262,-42.8580655],[147.256126,-42.8580655],[147.2541534,-42.858078],[147.2519522,-42.858092],[147.2519413,-42.8580921],[147.2518987,-42.8580923],[147.251837,-42.8580926],[147.251804,-42.858093],[147.251788,-42.8580932],[147.2516154,-42.858113],[147.2512804,-42.8581516],[147.2492742,-42.8581208],[147.2492661,-42.8581611],[147.2490741,-42.8591197],[147.2489632,-42.8590646],[147.2477085,-42.8584415],[147.2477073,-42.8584406],[147.2475867,-42.8583466],[147.2464404,-42.8577688],[147.2463356,-42.857716],[147.2461812,-42.8576381],[147.24606,-42.8575776],[147.2454466,-42.857271],[147.2453957,-42.8572446],[147.2446664,-42.8568699],[147.243673,-42.8563593],[147.2434846,-42.8562705],[147.2428008,-42.8559067],[147.2422746,-42.8556268],[147.2422739,-42.8556265],[147.2423788,-42.8555912],[147.2423909,-42.8555871],[147.2424099,-42.8555823],[147.2425,-42.8555596],[147.2426083,-42.8555417],[147.2427326,-42.8555071],[147.242787,-42.8554953],[147.2428026,-42.8554892],[147.2430574,-42.8554391],[147.2430768,-42.8554354],[147.243101,-42.8554308],[147.2431312,-42.855425],[147.2431621,-42.8554191],[147.2431906,-42.8554136],[147.2432751,-42.8553973],[147.2433481,-42.8553714],[147.2434598,-42.8553214],[147.2434969,-42.8552882],[147.243531,-42.8552578],[147.2435412,-42.8552469],[147.2435416,-42.8552448],[147.243542,-42.8552429],[147.2435626,-42.8552163],[147.2435729,-42.855171],[147.243574,-42.8551661],[147.2435922,-42.8550862],[147.2435962,-42.855069],[147.2435988,-42.855058],[147.2436048,-42.8550445],[147.2436082,-42.8550367],[147.2436096,-42.8550332],[147.2436108,-42.8550302],[147.2436121,-42.855027],[147.2436125,-42.8550258],[147.2436204,-42.8550065],[147.2436262,-42.8549994],[147.2436422,-42.8549794],[147.2436729,-42.8549513],[147.2436811,-42.854944],[147.2437003,-42.8549268],[147.2437007,-42.8549265],[147.2437475,-42.8548953],[147.2437477,-42.8548952],[147.2437769,-42.8548852],[147.243896,-42.8548681],[147.2439821,-42.8548341],[147.2440275,-42.8547924],[147.2440395,-42.8547814],[147.2440498,-42.8547584],[147.2440507,-42.854755],[147.2440533,-42.8547448],[147.2440594,-42.8547081],[147.2440544,-42.8546612],[147.244054,-42.8546474],[147.2440537,-42.8546378],[147.2440567,-42.8546109],[147.2440767,-42.8545813],[147.2440799,-42.8545771],[147.2440946,-42.8545639],[147.2441044,-42.8545575],[147.2441078,-42.8545552],[147.2441199,-42.8545473],[147.2441339,-42.854541],[147.244135,-42.8545404],[147.2441364,-42.8545391],[147.2441381,-42.8545375],[147.2441862,-42.8545201],[147.2441971,-42.854514],[147.2443059,-42.8544823],[147.2443935,-42.8544255],[147.2444319,-42.8544043],[147.2444393,-42.8544002],[147.2445169,-42.8543457],[147.2445631,-42.8543229],[147.2445634,-42.8543227],[147.2445981,-42.8542886],[147.2445986,-42.8542865],[147.2445991,-42.8542843],[147.2446566,-42.854234],[147.244699,-42.8541817],[147.2447191,-42.8541457],[147.2447244,-42.8541165],[147.244735,-42.854053],[147.2447378,-42.8540365],[147.244752,-42.8539986],[147.244753,-42.8539825],[147.2447543,-42.8539632],[147.2447561,-42.853938],[147.244757,-42.8539321],[147.2447579,-42.8539262],[147.2447635,-42.853835],[147.2447876,-42.8537944],[147.2448036,-42.8537675],[147.244868,-42.8536861],[147.2448744,-42.8536776],[147.2449216,-42.8536147],[147.2449615,-42.8535606],[147.2449832,-42.8535313],[147.2450075,-42.8534978],[147.2450367,-42.8534578],[147.2450682,-42.8534239],[147.2451011,-42.8533884],[147.2451352,-42.8533576],[147.2451628,-42.8533328],[147.2451935,-42.8532923],[147.2452111,-42.8532692],[147.2452483,-42.8531602],[147.2452652,-42.8530904],[147.245267,-42.8530829],[147.245267,-42.8530828],[147.2452661,-42.8530775],[147.2452504,-42.8529819],[147.2452338,-42.8528629],[147.2452349,-42.8528376],[147.2452362,-42.8528074],[147.2452469,-42.8527582],[147.2452547,-42.8527222],[147.2452572,-42.852706],[147.2452626,-42.8526707],[147.2452828,-42.8524707],[147.245267,-42.8523437],[147.2452376,-42.8521231],[147.2452388,-42.852071],[147.2452473,-42.8520304],[147.245249,-42.852022],[147.2452491,-42.8520219],[147.2452759,-42.8520111],[147.2452955,-42.8520033],[147.2452958,-42.8520031],[147.2453472,-42.8519696],[147.2453647,-42.851963],[147.2453716,-42.8519609],[147.2453933,-42.8519543],[147.2454038,-42.8519384],[147.2454529,-42.8518897],[147.2454958,-42.8518471],[147.24563,-42.851775],[147.2456301,-42.8517749],[147.2457059,-42.8517698],[147.2457335,-42.8517651],[147.2457511,-42.8517622],[147.2458281,-42.851726],[147.2458935,-42.8516914],[147.2459534,-42.8516597],[147.2459806,-42.8516447],[147.2460198,-42.8516232],[147.2460292,-42.8516186],[147.2460409,-42.8516129],[147.2459792,-42.8515573],[147.2459791,-42.8515571],[147.245979,-42.851557],[147.2459739,-42.8515505],[147.2459742,-42.8515503],[147.2460475,-42.8515171],[147.2461567,-42.8514675],[147.2461693,-42.8514619],[147.2464767,-42.8513251],[147.2466087,-42.8512664],[147.246868,-42.8511738],[147.2472007,-42.8510551],[147.2472366,-42.8510423],[147.2472469,-42.8510386],[147.2472574,-42.8510348],[147.2472686,-42.8510308],[147.2473238,-42.8510156],[147.2476285,-42.8509312],[147.2477176,-42.8509066],[147.2479899,-42.8508312],[147.2480437,-42.8507914],[147.248112,-42.8507408],[147.248153,-42.8506186],[147.248183,-42.850529],[147.2484385,-42.8497676],[147.2485628,-42.8495833],[147.2485714,-42.8495706],[147.2486089,-42.849515],[147.2487676,-42.8494336],[147.2490661,-42.8493709],[147.2493302,-42.8493154],[147.2496368,-42.8491871],[147.2495688,-42.8491505],[147.2494671,-42.8491254],[147.2494283,-42.8491159],[147.2491671,-42.8489869],[147.2484355,-42.848597],[147.2473177,-42.8480409],[147.2467967,-42.847782],[147.2456298,-42.8472025],[147.2449226,-42.8468498],[147.2443847,-42.8465798],[147.2436267,-42.8462127],[147.2436186,-42.8462088],[147.2436025,-42.8462007],[147.2428938,-42.8458436],[147.2424393,-42.8456151],[147.2423695,-42.84558],[147.2420859,-42.845438],[147.2416436,-42.8452061],[147.2412821,-42.8450381],[147.2408424,-42.8448339],[147.2406459,-42.8447449],[147.2405119,-42.8446842],[147.2397446,-42.8443269],[147.2395326,-42.8442232],[147.2390452,-42.8439849],[147.2390447,-42.8439846],[147.2396569,-42.8436699],[147.2397172,-42.8436389],[147.2398259,-42.8435895],[147.2400909,-42.843469],[147.2403075,-42.8433397],[147.2406724,-42.8431219],[147.2408846,-42.8430219],[147.2413814,-42.8427875],[147.2415979,-42.8426918],[147.2418338,-42.8425874],[147.2421092,-42.8424641],[147.2425616,-42.8422324],[147.2430257,-42.8419872],[147.2430507,-42.8419739],[147.2432234,-42.8418774],[147.2436973,-42.8416125],[147.2438462,-42.8415184],[147.2439364,-42.8414488],[147.244004,-42.8413966],[147.2440575,-42.8413511],[147.244242,-42.8411946],[147.2444017,-42.841059],[147.2444696,-42.8409983],[147.2445607,-42.840917],[147.2445836,-42.8408965],[147.2445893,-42.8408928],[147.2445985,-42.8408869],[147.2444918,-42.8408306],[147.2436737,-42.8403834],[147.2436341,-42.8403617],[147.24297,-42.8399987],[147.2427793,-42.8398944],[147.2422123,-42.8395845],[147.2422074,-42.8395818],[147.2443726,-42.8381392],[147.2424698,-42.8363738],[147.2423967,-42.8363059],[147.2423286,-42.8362429],[147.2436786,-42.8355342],[147.2437224,-42.8354612],[147.243722,-42.835461],[147.2432821,-42.8352473],[147.2427049,-42.8349669],[147.2424294,-42.8348318],[147.241301,-42.8342775],[147.2406334,-42.8339494],[147.2379498,-42.8345064],[147.2375277,-42.834594],[147.2366396,-42.8347896],[147.2336937,-42.8354383],[147.2336266,-42.8354038]]]]}},
{"type":"Feature","properties":{"fid":12,"OBJECTID":13,"Management_Zone":"Natural Zone","Area":null,"Shape_Length":186673.78820332,"Shape_Area":77447129.018389106,"AF_CONF":50,"Management_Authority":"Wellington Park Management Trust","Management_Plan":"Wellington Park Management Plan","Zone_Name":"Natural Zone"},"geometry":{"type":"MultiPolygon","coordinates":[[[[147.219752,-42.841799],[147.219634,-42.841624],[147.219601,-42.84156],[147.21957,-42.841456],[147.219239,-42.840913],[147.219114,-42.840685],[147.219106,-42.840519],[147.219098,-42.840318],[147.21907,-42.84022],[147.218736,-42.839878],[147.218399,-42.839791],[147.21821,-42.839646],[147.218085,-42.839508],[147.217865,-42.839347],[147.217584,-42.839133],[147.217196,-42.838885],[147.2171672,-42.8388451],[147.2157757,-42.8381051],[147.2154116,-42.8379114],[147.214011,-42.8371871],[147.2128114,-42.8365666],[147.2106475,-42.8386339],[147.2106032,-42.8386767],[147.2104989,-42.8387773],[147.2104913,-42.8387847],[147.2104825,-42.8387933],[147.2104124,-42.8388621],[147.2104122,-42.8388622],[147.2108453,-42.8389351],[147.2119106,-42.8391145],[147.2119105,-42.8391149],[147.2116218,-42.8400619],[147.2112985,-42.8411225],[147.2112234,-42.8413672],[147.2110326,-42.841992],[147.2107755,-42.8428336],[147.2106441,-42.8427775],[147.210141,-42.8433919],[147.2093425,-42.8443669],[147.2103485,-42.8448252],[147.2118897,-42.8455273],[147.2109037,-42.8467178],[147.2108829,-42.8467429],[147.2108813,-42.8467448],[147.2108758,-42.8467514],[147.2101978,-42.8475724],[147.207838,-42.850428],[147.2078379,-42.8504281],[147.2077,-42.8503659],[147.2072735,-42.8501738],[147.2072733,-42.8501741],[147.2056015,-42.8521844],[147.2043731,-42.8536616],[147.2026895,-42.8529075],[147.2006544,-42.8550941],[147.2015668,-42.8555591],[147.2017393,-42.8556471],[147.201252,-42.8561682],[147.2010842,-42.8563476],[147.2010843,-42.8563476],[147.2014461,-42.8565365],[147.2029562,-42.857325],[147.2035368,-42.8576282],[147.2035374,-42.8576285],[147.2018284,-42.8594378],[147.2017139,-42.859559],[147.2017137,-42.8595592],[147.2017066,-42.8595601],[147.2016997,-42.8595609],[147.2012679,-42.859336],[147.200116,-42.8587363],[147.1997076,-42.860235],[147.199382,-42.8614296],[147.1992741,-42.8618258],[147.1992121,-42.8620531],[147.1990132,-42.8627829],[147.199013,-42.8627829],[147.1986866,-42.8627374],[147.197819,-42.8626163],[147.1977297,-42.862602],[147.1972354,-42.8625224],[147.1972048,-42.8625181],[147.1971986,-42.8625172],[147.1923741,-42.8618402],[147.1923742,-42.86184],[147.1925111,-42.8613118],[147.1900093,-42.860965],[147.1897555,-42.8609298],[147.1895121,-42.8608958],[147.1886461,-42.8607719],[147.1886028,-42.8607657],[147.1877495,-42.8639158],[147.1877442,-42.8639354],[147.1862064,-42.8636977],[147.1824778,-42.8631212],[147.1782423,-42.8624651],[147.177086,-42.8622859],[147.1758998,-42.8621025],[147.1733946,-42.8617151],[147.1734019,-42.8616982],[147.1734061,-42.8616881],[147.1734321,-42.8616544],[147.1734626,-42.8616155],[147.1734827,-42.86159],[147.1734894,-42.8615834],[147.1735385,-42.8615351],[147.1735724,-42.8615079],[147.1736217,-42.8614685],[147.1736711,-42.8614329],[147.1737042,-42.8614171],[147.1737479,-42.8613962],[147.173839,-42.8613633],[147.1738964,-42.8613464],[147.173991,-42.8613185],[147.1740215,-42.8613077],[147.1740371,-42.8613022],[147.1740791,-42.8612785],[147.1740956,-42.8612621],[147.1741016,-42.8612561],[147.1741217,-42.8612257],[147.1741847,-42.8611322],[147.1742113,-42.8610928],[147.1742301,-42.8610457],[147.1742488,-42.860999],[147.1743319,-42.860686],[147.1743319,-42.8606859],[147.1738162,-42.8605947],[147.1710726,-42.8601094],[147.1698987,-42.859904],[147.1689542,-42.8597387],[147.1690045,-42.859562],[147.1691836,-42.8589329],[147.1691837,-42.8589326],[147.1668502,-42.8585736],[147.1667316,-42.8585557],[147.1633456,-42.8580317],[147.1627193,-42.8601554],[147.1657749,-42.8606263],[147.1657751,-42.8606263],[147.1656949,-42.8609176],[147.1656059,-42.8612407],[147.1656061,-42.8612407],[147.1692058,-42.8618158],[147.1695078,-42.861864],[147.1687594,-42.8647984],[147.1687525,-42.8648254],[147.1681856,-42.8666416],[147.1681556,-42.8667377],[147.1680675,-42.8667238],[147.1679504,-42.8667053],[147.1659368,-42.8663871],[147.1633215,-42.8659737],[147.1634572,-42.8654046],[147.1600211,-42.864838],[147.1600226,-42.8648331],[147.159694,-42.864779],[147.153704,-42.863581],[147.155306,-42.8591518],[147.1534369,-42.8588649],[147.1524925,-42.8587199],[147.1503844,-42.8583962],[147.1503845,-42.8583961],[147.1506855,-42.8572745],[147.1507226,-42.8571366],[147.1507367,-42.857084],[147.1509176,-42.8564103],[147.1510944,-42.8557516],[147.1508126,-42.8557002],[147.1505558,-42.8556534],[147.1450942,-42.8547652],[147.1357576,-42.8534813],[147.134964,-42.853366],[147.1349633,-42.8533659],[147.1340291,-42.8567586],[147.1336861,-42.8568018],[147.130638,-42.8563942],[147.1279016,-42.8560281],[147.1283798,-42.8542708],[147.1284058,-42.8541779],[147.1286019,-42.8534787],[147.1288704,-42.852521],[147.1312268,-42.8528541],[147.1312268,-42.852854],[147.1316075,-42.8513654],[147.1316939,-42.8510276],[147.1317974,-42.8506451],[147.1318119,-42.8505914],[147.1318242,-42.8505459],[147.1319606,-42.8500419],[147.1319607,-42.8500417],[147.1307214,-42.8498689],[147.1285612,-42.8495676],[147.1272742,-42.8493881],[147.1272743,-42.849388],[147.1276419,-42.8478488],[147.1281756,-42.845614],[147.1281757,-42.8456138],[147.127426,-42.8455145],[147.124769,-42.8451624],[147.1247691,-42.845162],[147.1255656,-42.8419607],[147.1256568,-42.841599],[147.1257206,-42.8413464],[147.1257209,-42.8413464],[147.1275409,-42.8416072],[147.127541,-42.841607],[147.1275896,-42.8414024],[147.1271077,-42.8409271],[147.125687,-42.8395256],[147.1249342,-42.8387907],[147.1248849,-42.8387455],[147.1245534,-42.8384106],[147.1231392,-42.8391779],[147.122973,-42.839272],[147.1206984,-42.8405133],[147.1204965,-42.8406223],[147.1178136,-42.8420714],[147.1174626,-42.8432605],[147.1178201,-42.8433142],[147.1178657,-42.843321],[147.120247,-42.8436963],[147.1210321,-42.84382],[147.120328,-42.8462759],[147.120156,-42.8468761],[147.120144,-42.8469152],[147.1201369,-42.846944],[147.1201369,-42.8469443],[147.1185658,-42.8466243],[147.1182751,-42.8465652],[147.1182751,-42.846565],[147.1182708,-42.8465365],[147.1182597,-42.8464639],[147.1182596,-42.8464638],[147.1180025,-42.84641],[147.1180021,-42.84641],[147.1179809,-42.8464099],[147.1174965,-42.8464066],[147.116855,-42.8462759],[147.1165855,-42.846221],[147.1165809,-42.8462209],[147.1165494,-42.8462197],[147.116514,-42.8461909],[147.1164633,-42.8461496],[147.1162762,-42.8459975],[147.1161612,-42.8458457],[147.1159082,-42.8455116],[147.115589,-42.8449716],[147.1155403,-42.8448497],[147.1103476,-42.8440232],[147.1077411,-42.8436082],[147.1049341,-42.8431795],[147.0992715,-42.8423145],[147.0963902,-42.8417616],[147.0960001,-42.8416999],[147.0957311,-42.8416573],[147.0942453,-42.8452079],[147.0942451,-42.8452078],[147.0848118,-42.8430577],[147.0780681,-42.8412688],[147.0780677,-42.8412687],[147.0784087,-42.8405135],[147.0770588,-42.8401705],[147.0762133,-42.8399557],[147.0758745,-42.8398697],[147.0727949,-42.8463589],[147.0727948,-42.8463591],[147.072413,-42.845689],[147.0724127,-42.8456884],[147.0719175,-42.8457108],[147.0717087,-42.8457203],[147.0710249,-42.8453514],[147.0700491,-42.8449057],[147.0697452,-42.8447669],[147.0695362,-42.8447913],[147.0690397,-42.8448491],[147.0663864,-42.8442613],[147.0662325,-42.8442241],[147.0659329,-42.8441516],[147.0657578,-42.8435309],[147.0657577,-42.8435306],[147.064882,-42.8432226],[147.0648164,-42.8431995],[147.0636957,-42.84339],[147.0636837,-42.8434349],[147.0636804,-42.8434471],[147.0636685,-42.8434918],[147.0636684,-42.8434921],[147.0639919,-42.8433551],[147.0641275,-42.8433439],[147.0642122,-42.8433369],[147.0645182,-42.8433908],[147.0648365,-42.8435437],[147.064837,-42.843544],[147.0653631,-42.8438496],[147.0657795,-42.8442006],[147.066013,-42.8442964],[147.0661958,-42.8443714],[147.0666854,-42.8444522],[147.066717,-42.8444651],[147.0667171,-42.8444652],[147.0667071,-42.8445102],[147.0666657,-42.844696],[147.0661927,-42.8468165],[147.0655124,-42.849866],[147.0654933,-42.8499518],[147.0654931,-42.8499518],[147.0643309,-42.8498236],[147.0624439,-42.8496154],[147.0624438,-42.8496154],[147.0622759,-42.850391],[147.0622659,-42.8504372],[147.0622362,-42.8505743],[147.0616471,-42.853279],[147.061647,-42.8532794],[147.0624852,-42.8533821],[147.062989,-42.8534437],[147.062989,-42.853444],[147.0619544,-42.8578336],[147.058948,-42.8574838],[147.0589436,-42.8575031],[147.0585392,-42.8592749],[147.0585366,-42.8592862],[147.0586781,-42.8593052],[147.0587568,-42.8593158],[147.0587568,-42.859316],[147.0587342,-42.8594049],[147.0584516,-42.8605161],[147.058344,-42.8609392],[147.058341,-42.860951],[147.0580763,-42.861992],[147.0576531,-42.8636878],[147.0576353,-42.863759],[147.057635,-42.863759],[147.055895,-42.8635464],[147.054178,-42.8633367],[147.052396,-42.8630813],[147.0503381,-42.8627864],[147.0492469,-42.8626584],[147.0492466,-42.8626583],[147.0491799,-42.862951],[147.0491413,-42.8631206],[147.0491411,-42.8631206],[147.0444172,-42.862519],[147.0442005,-42.8632158],[147.0436636,-42.8649417],[147.0435217,-42.8655087],[147.0435221,-42.8655088],[147.0485814,-42.8661789],[147.0485814,-42.8661789],[147.0481418,-42.8680615],[147.0479166,-42.8690258],[147.0454035,-42.8727779],[147.045246,-42.8730131],[147.0444805,-42.8759946],[147.0446063,-42.8760115],[147.0480507,-42.8764767],[147.048099,-42.8763307],[147.0508834,-42.8767],[147.0517347,-42.8768129],[147.0560606,-42.8773864],[147.0553939,-42.8801245],[147.0550871,-42.881384],[147.0550871,-42.8813844],[147.0558725,-42.8814993],[147.0586879,-42.8819113],[147.058688,-42.8819113],[147.0586837,-42.881928],[147.058084,-42.8842884],[147.0575675,-42.8863206],[147.0557738,-42.8860759],[147.055321,-42.8860141],[147.0553209,-42.8860141],[147.0542234,-42.8902656],[147.0529241,-42.895298],[147.052924,-42.895298],[147.0476487,-42.8946315],[147.047467,-42.8946085],[147.0473861,-42.8945982],[147.0472927,-42.8945864],[147.0472568,-42.8945819],[147.0472278,-42.8946722],[147.047193,-42.8947577],[147.0471729,-42.894807],[147.0471357,-42.8948747],[147.0470938,-42.8949201],[147.0470781,-42.8949371],[147.0469656,-42.8951148],[147.0469402,-42.8951723],[147.0469386,-42.8951838],[147.0469344,-42.8952154],[147.0469548,-42.8953358],[147.0469444,-42.8956356],[147.0469616,-42.8957408],[147.0469609,-42.8958111],[147.0469345,-42.8959703],[147.0469181,-42.8960687],[147.0468751,-42.8964353],[147.0468711,-42.896456],[147.0468595,-42.8965161],[147.0468371,-42.8965739],[147.046826,-42.8966024],[147.0467321,-42.8967935],[147.0466637,-42.896835],[147.0466284,-42.8968565],[147.0464866,-42.8969318],[147.0464366,-42.8969546],[147.0464091,-42.8969672],[147.0462984,-42.897009],[147.0462904,-42.8970128],[147.0462861,-42.8970148],[147.0460736,-42.8971159],[147.0448324,-42.8977064],[147.0442992,-42.8982599],[147.0441488,-42.898416],[147.0441486,-42.8984161],[147.0440139,-42.8983993],[147.0435237,-42.898338],[147.0433061,-42.8983108],[147.0413824,-42.8980703],[147.0381829,-42.8976703],[147.035054,-42.8972791],[147.035054,-42.897279],[147.0356801,-42.8947639],[147.036034,-42.8933422],[147.0360784,-42.8931639],[147.0353475,-42.8930699],[147.0340909,-42.8929082],[147.0323965,-42.8926901],[147.032716,-42.8914018],[147.032763,-42.8912123],[147.0330713,-42.8899691],[147.0331759,-42.8895475],[147.0333226,-42.8889559],[147.0341031,-42.885808],[147.0341032,-42.8858076],[147.0391,-42.8864202],[147.0401189,-42.8865451],[147.0403731,-42.8865762],[147.0406814,-42.8853311],[147.0407699,-42.8849734],[147.0407747,-42.8849542],[147.0408188,-42.884776],[147.0408188,-42.8847759],[147.0400182,-42.8846555],[147.0382071,-42.8843832],[147.0382072,-42.884383],[147.0393775,-42.8806974],[147.039509,-42.8802832],[147.0396055,-42.8799792],[147.0381501,-42.8797832],[147.0349004,-42.8793455],[147.0347262,-42.8791621],[147.0359653,-42.874379],[147.0359894,-42.8742862],[147.0360141,-42.8741908],[147.0360414,-42.8740895],[147.0360409,-42.8740894],[147.0358721,-42.8740651],[147.0358357,-42.8740599],[147.031277,-42.873404],[147.0312766,-42.8734039],[147.0311981,-42.8732432],[147.0310924,-42.8730269],[147.030087,-42.87555],[147.030087,-42.8755501],[147.0300872,-42.8755501],[147.0300524,-42.8756797],[147.0297293,-42.876883],[147.0297222,-42.8769096],[147.0293637,-42.8782447],[147.0293641,-42.8782447],[147.0308917,-42.8784557],[147.0308916,-42.8784559],[147.0296466,-42.8830434],[147.0285496,-42.8870559],[147.028538,-42.8870982],[147.0285373,-42.8871009],[147.028537,-42.887101],[147.0282776,-42.8871717],[147.0271877,-42.88719],[147.026808,-42.887136],[147.026808,-42.887136],[147.0264773,-42.887001],[147.0258894,-42.886668],[147.025522,-42.886587],[147.0255219,-42.886587],[147.0254305,-42.8865926],[147.025228,-42.8866051],[147.0248607,-42.8866772],[147.0241505,-42.8869025],[147.0238866,-42.8869332],[147.0236851,-42.8869566],[147.0235235,-42.886945],[147.0233359,-42.8869315],[147.0232746,-42.8869242],[147.0228247,-42.8868708],[147.0220984,-42.8867846],[147.0212555,-42.8866846],[147.0219249,-42.883851],[147.0222423,-42.8825074],[147.0223332,-42.8821224],[147.0223754,-42.8819439],[147.0125852,-42.880686],[147.0136251,-42.8765674],[147.0240462,-42.8779751],[147.0241125,-42.877984],[147.0242886,-42.8780078],[147.0251768,-42.874846],[147.0260059,-42.8719958],[147.0262999,-42.8709852],[147.0263863,-42.8706884],[147.0265091,-42.8702661],[147.026517,-42.8702389],[147.0265455,-42.8701411],[147.026721,-42.8695375],[147.0268522,-42.8690865],[147.026868,-42.869043],[147.027014,-42.8686923],[147.0274156,-42.8677274],[147.0281589,-42.8659419],[147.028158,-42.8659411],[147.0281553,-42.8659388],[147.0281521,-42.865936],[147.0281164,-42.865905],[147.0280834,-42.8658668],[147.028063,-42.8658431],[147.0280079,-42.8657794],[147.0279337,-42.8656069],[147.0278748,-42.8653337],[147.0277913,-42.8649467],[147.0276016,-42.864647],[147.0275529,-42.8645701],[147.0270624,-42.8644567],[147.0260849,-42.8642308],[147.0255019,-42.8635297],[147.0255018,-42.8635295],[147.0254018,-42.863189],[147.025366,-42.8630668],[147.0253381,-42.8629762],[147.0252849,-42.862803],[147.0252849,-42.8628027],[147.0249993,-42.8627658],[147.0243701,-42.8626822],[147.0230099,-42.8625015],[147.0230095,-42.8625015],[147.0227857,-42.8635005],[147.0227679,-42.8635798],[147.0227592,-42.8636187],[147.022413,-42.86513],[147.022413,-42.8651303],[147.0230072,-42.8651974],[147.023727,-42.8652786],[147.0237269,-42.865279],[147.0229397,-42.8690556],[147.020784,-42.8688124],[147.0205061,-42.8687811],[147.0203349,-42.8693483],[147.0197646,-42.871237],[147.0197646,-42.8712372],[147.0147838,-42.8707152],[147.015096,-42.8695574],[147.0153442,-42.8686369],[147.0102531,-42.8679399],[147.0102862,-42.8678137],[147.0047241,-42.8669377],[147.0056999,-42.8632723],[147.0057,-42.863272],[147.0057679,-42.863027],[147.0057679,-42.8630269],[147.0057618,-42.8630274],[147.0057374,-42.8630293],[147.0056901,-42.8630404],[147.0056724,-42.8630482],[147.0056615,-42.863053],[147.005635,-42.8630673],[147.0055749,-42.8631107],[147.0055731,-42.863112],[147.0055694,-42.8631153],[147.0055286,-42.8631526],[147.0055155,-42.8631687],[147.0055114,-42.8631738],[147.0055043,-42.863186],[147.0054955,-42.8632011],[147.0054784,-42.8632484],[147.0054576,-42.8633056],[147.0054403,-42.863389],[147.0054295,-42.8634254],[147.0054172,-42.8634488],[147.005417,-42.863449],[147.0054161,-42.8634504],[147.0053117,-42.8636026],[147.005224,-42.8636908],[147.0051527,-42.8637407],[147.0050947,-42.8637737],[147.0049533,-42.8638138],[147.0049411,-42.8638165],[147.0048975,-42.8638264],[147.00487,-42.8638301],[147.0048508,-42.8638327],[147.0047864,-42.8638337],[147.0046781,-42.8638235],[147.0045599,-42.8638124],[147.0045088,-42.863805],[147.0043735,-42.8637701],[147.0043615,-42.863768],[147.0043356,-42.8637636],[147.0040277,-42.8637336],[147.0039855,-42.8637247],[147.0039783,-42.8637232],[147.0039463,-42.8637133],[147.0037232,-42.8636446],[147.0036662,-42.8636348],[147.0036231,-42.8636327],[147.0035922,-42.8636311],[147.0035848,-42.8636315],[147.0035642,-42.8636326],[147.0035177,-42.8636401],[147.0034793,-42.8636463],[147.0034048,-42.8636541],[147.0032657,-42.8636783],[147.003243,-42.86368],[147.0032307,-42.8636809],[147.0032184,-42.86368],[147.0031934,-42.8636782],[147.0031658,-42.8636698],[147.0031533,-42.8636661],[147.003153,-42.863666],[147.0031204,-42.8636597],[147.0031013,-42.8636573],[147.0030782,-42.8636544],[147.0030229,-42.8636531],[147.0029823,-42.863657],[147.0029447,-42.8636648],[147.0028765,-42.863679],[147.0028733,-42.8636794],[147.0028274,-42.8636846],[147.0027737,-42.8636891],[147.0027434,-42.8636916],[147.0026933,-42.863688],[147.0026889,-42.8636869],[147.0026638,-42.8636804],[147.0026434,-42.8636724],[147.0026371,-42.8636699],[147.0026043,-42.8636536],[147.002584,-42.8636363],[147.002577,-42.8636302],[147.0025419,-42.8635943],[147.0024816,-42.8635224],[147.0024537,-42.8635004],[147.0024258,-42.863484],[147.0024242,-42.8634831],[147.002424,-42.863483],[147.002424,-42.863483],[147.0021678,-42.8634083],[147.0020846,-42.8633813],[147.0020151,-42.8633587],[147.0018368,-42.8633225],[147.0017705,-42.8633057],[147.0017365,-42.8632997],[147.0015072,-42.8632848],[147.0014241,-42.8632799],[147.0013718,-42.8632728],[147.0009208,-42.8631786],[147.0009094,-42.8631744],[147.0009006,-42.8631711],[147.0008516,-42.8631613],[147.0006686,-42.8630936],[147.0005611,-42.8630538],[147.0002292,-42.8629685],[147.0001905,-42.8629517],[147.0001803,-42.8629473],[146.9998878,-42.862942],[146.9996591,-42.8629378],[146.999457,-42.862966],[146.9994567,-42.862966],[146.9992309,-42.8630286],[146.9991512,-42.8630284],[146.9990908,-42.8630283],[146.998985,-42.8629818],[146.998967,-42.8629739],[146.9989666,-42.8629738],[146.9989606,-42.8629603],[146.9989589,-42.8629566],[146.9988264,-42.8628705],[146.9987548,-42.8628241],[146.9987339,-42.8628103],[146.9986971,-42.8627967],[146.9986484,-42.8627787],[146.9985933,-42.8627654],[146.9984075,-42.8627239],[146.9983854,-42.862723],[146.9982737,-42.8627185],[146.9977627,-42.8626993],[146.9976981,-42.8626914],[146.9976029,-42.8626796],[146.9976025,-42.8626796],[146.9975987,-42.862667],[146.9975722,-42.8626595],[146.9974614,-42.8626225],[146.9973656,-42.8625905],[146.9972216,-42.862608],[146.997187,-42.862613],[146.9971866,-42.8626131],[146.9971817,-42.8626152],[146.9970799,-42.8626607],[146.9970463,-42.8626757],[146.9970164,-42.8626932],[146.9969894,-42.862709],[146.99698,-42.8627145],[146.9969697,-42.8627283],[146.9969565,-42.8627459],[146.9969083,-42.8627562],[146.9968693,-42.8627733],[146.996788,-42.8627974],[146.99668,-42.8628295],[146.9966099,-42.8628409],[146.9965181,-42.8628257],[146.9964,-42.8628062],[146.996381,-42.8627992],[146.9961554,-42.8627165],[146.9961542,-42.862716],[146.9961523,-42.8627153],[146.996101,-42.8626952],[146.995932,-42.8626418],[146.9957786,-42.8625934],[146.995575,-42.862561],[146.9955749,-42.862561],[146.9954767,-42.862545],[146.9954789,-42.862536],[146.9954833,-42.8625176],[146.9955445,-42.8622613],[146.995544,-42.862261],[146.9946782,-42.8617792],[146.9933255,-42.8617012],[146.9924559,-42.8619701],[146.9923537,-42.8619982],[146.9918857,-42.8621266],[146.9910622,-42.8622271],[146.9906267,-42.8622803],[146.9903447,-42.8623738],[146.9895766,-42.8626286],[146.9886255,-42.8627659],[146.9884026,-42.8637067],[146.9875593,-42.8638706],[146.98732,-42.8639171],[146.9864844,-42.8642781],[146.9775345,-42.8629242],[146.9751665,-42.8625578],[146.9690606,-42.8616128],[146.9689792,-42.8616005],[146.9643346,-42.860901],[146.9643202,-42.8608989],[146.9637189,-42.8608083],[146.9585285,-42.8600263],[146.9582834,-42.8599894],[146.9580199,-42.8606153],[146.9579786,-42.8607136],[146.9567146,-42.8637165],[146.956607,-42.863972],[146.9566069,-42.8639723],[146.9565731,-42.8640524],[146.9565279,-42.86416],[146.9564,-42.8644638],[146.9563725,-42.8645292],[146.9562242,-42.8648814],[146.9560764,-42.8652324],[146.955325,-42.8670174],[146.9553062,-42.867062],[146.9551576,-42.8674149],[146.9547451,-42.8683947],[146.9542369,-42.8696019],[146.9541719,-42.8697561],[146.9541141,-42.8698935],[146.9540602,-42.8699067],[146.9528384,-42.8702058],[146.9527848,-42.8702189],[146.9510002,-42.8706556],[146.9507229,-42.8707234],[146.9495084,-42.8710206],[146.9493736,-42.8710536],[146.949038,-42.8711357],[146.9484658,-42.8712758],[146.9483759,-42.8712977],[146.9481505,-42.8713529],[146.9480296,-42.8713825],[146.9478689,-42.8714218],[146.9478867,-42.8715085],[146.9479095,-42.8716192],[146.9480522,-42.8723127],[146.948085,-42.872472],[146.9489647,-42.8767462],[146.9492201,-42.8779873],[146.9494477,-42.879093],[146.950186,-42.8826794],[146.9502294,-42.882693],[146.9502603,-42.8827027],[146.9503142,-42.8827196],[146.9507976,-42.8828709],[146.9624902,-42.8865305],[146.9625736,-42.8865566],[146.9627966,-42.8866263],[146.9635691,-42.886868],[146.9637943,-42.8869385],[146.9652005,-42.8873785],[146.9652282,-42.8873872],[146.9661436,-42.8876736],[146.9661742,-42.8876832],[146.9682531,-42.8883336],[146.9689185,-42.8885417],[146.9690559,-42.8885847],[146.9695312,-42.8887334],[146.9697758,-42.8888099],[146.9700153,-42.8888039],[146.9701432,-42.8888007],[146.970363,-42.8887952],[146.9703881,-42.8887946],[146.9707553,-42.8887854],[146.9713682,-42.8887701],[146.9720756,-42.8887524],[146.972408,-42.8887441],[146.9725696,-42.88874],[146.973237,-42.8887233],[146.9750626,-42.8886776],[146.9785495,-42.8885902],[146.9801883,-42.888549],[146.9859422,-42.8884045],[146.9966844,-42.8881338],[146.9966995,-42.8881334],[146.9967152,-42.888133],[146.998311,-42.8880927],[146.9998443,-42.888054],[147.0,-42.8880501],[147.0004047,-42.8880398],[147.0013722,-42.8880154],[147.001675,-42.8880077],[147.0017054,-42.8880069],[147.0068176,-42.8878776],[147.0080574,-42.8878461],[147.0082378,-42.8878416],[147.0087199,-42.8878293],[147.008965,-42.8878231],[147.0089651,-42.8878231],[147.0096352,-42.8902148],[147.0099229,-42.891242],[147.0105677,-42.8935432],[147.0105886,-42.893618],[147.0106807,-42.8939466],[147.0091538,-42.8963366],[147.0091415,-42.8963559],[147.0086374,-42.8971448],[147.0084156,-42.897492],[147.0083265,-42.8976315],[147.0083108,-42.897656],[147.0082444,-42.89776],[147.0082348,-42.8977749],[147.0082142,-42.8978072],[147.0082065,-42.8978193],[147.0081092,-42.8979716],[147.0080114,-42.8981246],[147.0068036,-42.9000149],[147.0064966,-42.9004953],[147.0062034,-42.9009542],[147.0061975,-42.9009633],[147.0061925,-42.9009711],[147.005905,-42.901421],[147.0059048,-42.9014213],[147.0067873,-42.9019182],[147.0068272,-42.9019407],[147.0071939,-42.9021471],[147.0080169,-42.9026105],[147.0103515,-42.9039249],[147.0114785,-42.9045593],[147.0117974,-42.9047388],[147.0135003,-42.9056974],[147.0142854,-42.9061394],[147.0152629,-42.9066896],[147.0155132,-42.9068305],[147.0155166,-42.9068323],[147.0157142,-42.9069436],[147.0161555,-42.907192],[147.0174209,-42.9079042],[147.0176404,-42.9078218],[147.0176929,-42.9078021],[147.0177668,-42.9077743],[147.0180887,-42.9076536],[147.0193098,-42.9071954],[147.019479,-42.9071318],[147.0196778,-42.9070573],[147.0197799,-42.907019],[147.0218118,-42.9062564],[147.023004,-42.905809],[147.0232868,-42.9057028],[147.0234227,-42.9056518],[147.0249637,-42.9053823],[147.027347,-42.9049654],[147.0282471,-42.9048079],[147.0287012,-42.9047285],[147.0287576,-42.9047186],[147.0312411,-42.9042841],[147.0312571,-42.9042813],[147.0313134,-42.9042715],[147.0351946,-42.9035923],[147.0355563,-42.903529],[147.0357941,-42.9034874],[147.0358508,-42.903584],[147.0359188,-42.9037],[147.0359431,-42.9037416],[147.038997,-42.9089493],[147.0390223,-42.9089925],[147.0390428,-42.9090274],[147.0390698,-42.9090734],[147.0391415,-42.9091957],[147.0392039,-42.9093022],[147.0395956,-42.90997],[147.039596,-42.90997],[147.0404602,-42.9098184],[147.0405158,-42.9098087],[147.0407338,-42.9097704],[147.04373,-42.9092449],[147.0439533,-42.9092057],[147.0441713,-42.9091675],[147.0447401,-42.9090677],[147.0447403,-42.9090677],[147.0447426,-42.9090595],[147.0456605,-42.905676],[147.0459923,-42.9044533],[147.046438,-42.90281],[147.0464507,-42.9027633],[147.0464509,-42.9027635],[147.0465084,-42.9028261],[147.049322,-42.9058884],[147.0495771,-42.906166],[147.0496149,-42.906287],[147.0497869,-42.9068364],[147.0497899,-42.9068459],[147.0499209,-42.9072645],[147.0499702,-42.9075527],[147.0500051,-42.9076331],[147.0500561,-42.9077508],[147.0502523,-42.9080118],[147.0502717,-42.9080714],[147.0502889,-42.9081246],[147.0503137,-42.9082009],[147.0503019,-42.9087862],[147.0505351,-42.9092903],[147.0505351,-42.9092904],[147.050609,-42.9097227],[147.050609,-42.9097229],[147.0506075,-42.9097884],[147.0505972,-42.910236],[147.0506465,-42.9106502],[147.0506363,-42.9107741],[147.0506101,-42.9110915],[147.0505613,-42.9112806],[147.050561,-42.911281],[147.0504266,-42.9114788],[147.0501206,-42.9117851],[147.049856,-42.9119565],[147.049815,-42.911983],[147.0498145,-42.9119833],[147.0496539,-42.912224],[147.0494719,-42.9124968],[147.0492931,-42.9129073],[147.049264,-42.9129742],[147.0491785,-42.9132984],[147.0490569,-42.913539],[147.0489827,-42.9136857],[147.0489339,-42.9138568],[147.0488237,-42.913992],[147.0486882,-42.9141047],[147.0482605,-42.9144605],[147.048176,-42.9145797],[147.0481136,-42.9146676],[147.0481013,-42.9148376],[147.0480894,-42.9150009],[147.0479066,-42.9155218],[147.0478292,-42.9157425],[147.0478082,-42.9158025],[147.0478088,-42.9158268],[147.0478152,-42.9160656],[147.0478208,-42.9162797],[147.0478628,-42.9163772],[147.0480625,-42.9168412],[147.0480669,-42.9168514],[147.0481154,-42.916964],[147.0482004,-42.9171199],[147.0482067,-42.9171314],[147.0483363,-42.9173692],[147.0484328,-42.9175052],[147.0485807,-42.9177136],[147.0486429,-42.9178013],[147.0488513,-42.9179363],[147.0490234,-42.9180008],[147.0499034,-42.9183304],[147.0518038,-42.9185848],[147.0524618,-42.9186728],[147.0525897,-42.9181057],[147.0548798,-42.9183843],[147.0571561,-42.9186613],[147.0575884,-42.9168903],[147.0599383,-42.9171695],[147.060481,-42.9172339],[147.0604813,-42.917234],[147.0605862,-42.9167822],[147.0606422,-42.9165411],[147.0609623,-42.9151622],[147.0610189,-42.9149183],[147.063174,-42.9151732],[147.0632692,-42.9147323],[147.0632812,-42.9144711],[147.0632073,-42.9141379],[147.0632179,-42.9140555],[147.0632316,-42.9139488],[147.0632649,-42.9139243],[147.0632682,-42.9139219],[147.0632684,-42.9139218],[147.0633066,-42.9139019],[147.0634942,-42.913804],[147.0635184,-42.9137917],[147.063599,-42.9137505],[147.0636535,-42.9137103],[147.0637214,-42.9136604],[147.063856,-42.9134982],[147.0640384,-42.912709],[147.0640384,-42.9127087],[147.0640698,-42.9127126],[147.0642056,-42.9127294],[147.0643181,-42.9127433],[147.0683876,-42.9132367],[147.0683003,-42.9135968],[147.0731049,-42.9142234],[147.0727574,-42.9157379],[147.0748545,-42.9160203],[147.0748555,-42.9160197],[147.074858,-42.9160183],[147.0748675,-42.9160221],[147.0748745,-42.916023],[147.0767339,-42.9162734],[147.0767342,-42.9162734],[147.0767318,-42.916284],[147.0766615,-42.9165892],[147.07662,-42.9167697],[147.0760558,-42.91922],[147.0728907,-42.9187938],[147.0723881,-42.9208667],[147.0736066,-42.921024],[147.074026,-42.9210781],[147.0740262,-42.9210781],[147.0740131,-42.9211321],[147.0739967,-42.9212001],[147.077335,-42.9216351],[147.077335,-42.9216351],[147.0771969,-42.9222076],[147.0765588,-42.924853],[147.0765587,-42.9248535],[147.0752309,-42.9246805],[147.0744964,-42.9245848],[147.0743473,-42.9245653],[147.074254,-42.9245532],[147.0742538,-42.9245531],[147.0738406,-42.9262778],[147.0732214,-42.9288626],[147.0747377,-42.9290537],[147.0747376,-42.929054],[147.0740083,-42.932043],[147.0738351,-42.932753],[147.0738346,-42.9327551],[147.073973,-42.9327715],[147.0771352,-42.9331464],[147.0771224,-42.9331931],[147.0766276,-42.9349996],[147.0767773,-42.9350338],[147.0768523,-42.935051],[147.0834887,-42.9365688],[147.0838545,-42.9355875],[147.0841893,-42.9346892],[147.0843781,-42.9341806],[147.0845069,-42.9338336],[147.0891753,-42.9358037],[147.0919144,-42.936323],[147.0918771,-42.936457],[147.0918771,-42.9364571],[147.092641,-42.9365215],[147.0949089,-42.9367128],[147.0970734,-42.9368886],[147.0970946,-42.9368914],[147.0975545,-42.9369513],[147.0990999,-42.9371583],[147.0994236,-42.9372016],[147.1005564,-42.9373268],[147.1014648,-42.9374272],[147.1014649,-42.937427],[147.1015036,-42.9372439],[147.101565,-42.9369479],[147.1017318,-42.9361917],[147.1024362,-42.932998],[147.1073413,-42.9335427],[147.106616,-42.9369433],[147.1065698,-42.9371542],[147.1063887,-42.9379803],[147.1064059,-42.9379821],[147.1064413,-42.9379858],[147.1064755,-42.9379894],[147.1065066,-42.9379927],[147.1065197,-42.9379941],[147.1065428,-42.9379965],[147.1066142,-42.9380045],[147.1066519,-42.9380087],[147.107595,-42.9381144],[147.109489,-42.9383265],[147.1094893,-42.9383257],[147.1094908,-42.9383217],[147.1094921,-42.9383185],[147.1097558,-42.9372548],[147.1098338,-42.9369402],[147.1106557,-42.9327679],[147.1131824,-42.9330378],[147.1133126,-42.9330516],[147.1134408,-42.9330652],[147.1144952,-42.933177],[147.1155877,-42.9332927],[147.1157807,-42.9324554],[147.1167969,-42.928003],[147.116797,-42.9280029],[147.1140385,-42.9276611],[147.1147575,-42.9244823],[147.117058,-42.9235151],[147.1179033,-42.9231597],[147.1203968,-42.9221217],[147.1218491,-42.9215171],[147.1218569,-42.9215166],[147.1218678,-42.9215159],[147.1218979,-42.9213397],[147.1219423,-42.9210801],[147.122377,-42.918535],[147.1223771,-42.9185348],[147.124447,-42.9187252],[147.1264809,-42.9189122],[147.1270376,-42.9189636],[147.1277851,-42.9190327],[147.1277856,-42.9190328],[147.1277966,-42.9189743],[147.1278084,-42.9189107],[147.1279657,-42.9182892],[147.1280915,-42.9177921],[147.1280916,-42.9177917],[147.1297999,-42.9179845],[147.1310745,-42.9181284],[147.1318844,-42.9144982],[147.131884,-42.9144981],[147.13139,-42.9144365],[147.1296281,-42.9142165],[147.1296278,-42.9142165],[147.1304365,-42.9107462],[147.1306038,-42.910028],[147.130654,-42.9098124],[147.1335179,-42.9101648],[147.135476,-42.9104057],[147.135476,-42.910406],[147.1352547,-42.911377],[147.1344718,-42.9148127],[147.1344721,-42.9148127],[147.136344,-42.9150522],[147.1366955,-42.9150971],[147.1374534,-42.9120222],[147.1459232,-42.9130364],[147.1476773,-42.9132463],[147.1483915,-42.9133318],[147.1484737,-42.9133435],[147.1486898,-42.9133743],[147.1486898,-42.913374],[147.1486936,-42.9133581],[147.1486983,-42.9133387],[147.148699,-42.9133376],[147.1487095,-42.9133212],[147.148723,-42.9133004],[147.1487683,-42.9132704],[147.1488291,-42.9132422],[147.1489006,-42.9132241],[147.148901,-42.913224],[147.1489938,-42.9131976],[147.1490219,-42.9131941],[147.1490525,-42.9131904],[147.1491303,-42.9131954],[147.1491329,-42.9131957],[147.1491357,-42.9131961],[147.1492491,-42.9132104],[147.1493296,-42.9132234],[147.1493535,-42.913237],[147.149372,-42.9132475],[147.1494047,-42.9132593],[147.1494468,-42.9132745],[147.1494821,-42.913288],[147.1494915,-42.9132916],[147.1494975,-42.9132939],[147.1496014,-42.9133105],[147.1496629,-42.9133268],[147.1497757,-42.9133517],[147.1497806,-42.9133528],[147.1498217,-42.9133569],[147.1498874,-42.9133569],[147.1499475,-42.9133628],[147.1499778,-42.9133667],[147.150031,-42.9133553],[147.1500434,-42.9133526],[147.150109,-42.9133384],[147.1501381,-42.9133241],[147.1501746,-42.9133062],[147.1502349,-42.9132901],[147.1502744,-42.9132817],[147.1503115,-42.9132739],[147.1503325,-42.9132673],[147.1503481,-42.9132605],[147.1503539,-42.913258],[147.1503687,-42.9132479],[147.1503687,-42.9132482],[147.1503683,-42.9132986],[147.1503679,-42.9133506],[147.150368,-42.9133506],[147.1556449,-42.9141309],[147.1556449,-42.914131],[147.1542409,-42.918878],[147.1541416,-42.9192364],[147.1572968,-42.9196893],[147.1557002,-42.9255546],[147.155328,-42.926922],[147.1552735,-42.9271224],[147.1552031,-42.9273803],[147.1547904,-42.9288966],[147.1547026,-42.929219],[147.1543552,-42.9291552],[147.153999,-42.9301601],[147.1539964,-42.9301694],[147.1538465,-42.9307067],[147.1531869,-42.9331386],[147.1531737,-42.9331876],[147.1531628,-42.9332274],[147.155552,-42.9335701],[147.1555524,-42.9335702],[147.1547831,-42.9363942],[147.1539994,-42.9362832],[147.1528392,-42.9361187],[147.1523925,-42.9360537],[147.1523327,-42.9362876],[147.1521688,-42.9368914],[147.1519305,-42.9377552],[147.1515387,-42.9391333],[147.1523812,-42.9392429],[147.152742,-42.9392899],[147.1540256,-42.9394609],[147.1570789,-42.9398676],[147.1573356,-42.9388334],[147.1573359,-42.9388334],[147.1631973,-42.9395965],[147.166265,-42.9399958],[147.1665321,-42.9400306],[147.1665251,-42.9400596],[147.164899,-42.946768],[147.164906,-42.9467689],[147.1650711,-42.9467889],[147.1654963,-42.9468404],[147.1687042,-42.9472293],[147.1691454,-42.9447784],[147.174046,-42.9453449],[147.1742544,-42.945369],[147.1733949,-42.94926],[147.1728958,-42.9515189],[147.1700698,-42.9511963],[147.16878,-42.951049],[147.1684606,-42.952413],[147.1684156,-42.9526061],[147.1683731,-42.9527908],[147.1683353,-42.9529544],[147.1680424,-42.9542162],[147.167981,-42.9544805],[147.1679556,-42.9546071],[147.1679007,-42.9548802],[147.1672318,-42.9577305],[147.169208,-42.959987],[147.1692083,-42.9599874],[147.1695905,-42.959813],[147.1717351,-42.9588154],[147.1717641,-42.9588019],[147.1721636,-42.958617],[147.1738941,-42.9578161],[147.1738944,-42.957816],[147.1742626,-42.9582439],[147.174509,-42.9585303],[147.176762,-42.957497],[147.1767624,-42.9574968],[147.1787304,-42.9565845],[147.1787309,-42.9565851],[147.1789089,-42.956795],[147.1795565,-42.9575589],[147.1804351,-42.9585824],[147.1810359,-42.9592824],[147.183038,-42.9583545],[147.1847723,-42.9575506],[147.1862403,-42.9592368],[147.1892854,-42.96272],[147.1896249,-42.9631112],[147.189861,-42.9633833],[147.1912124,-42.9626602],[147.1907147,-42.9621445],[147.1897879,-42.9611842],[147.1897881,-42.9611841],[147.19181,-42.9601103],[147.1937679,-42.9590643],[147.1949871,-42.9602556],[147.1952319,-42.9604948],[147.1955033,-42.9603493],[147.1958411,-42.9601683],[147.1967758,-42.9596674],[147.1994783,-42.958503],[147.1984459,-42.9573718],[147.1975344,-42.9562664],[147.1966601,-42.955196],[147.1966597,-42.9551955],[147.1973545,-42.9548326],[147.1975295,-42.9547368],[147.200161,-42.9533907],[147.2012981,-42.9528226],[147.2031927,-42.9518641],[147.201776,-42.9503354],[147.2002743,-42.9487149],[147.200274,-42.9487146],[147.2047397,-42.9464697],[147.2054786,-42.9460983],[147.2074918,-42.9450884],[147.210072,-42.9437922],[147.2101148,-42.9438331],[147.2102641,-42.9439757],[147.2106419,-42.9443365],[147.2106419,-42.9443369],[147.2106419,-42.944337],[147.2106202,-42.9457218],[147.2109531,-42.9466712],[147.2109617,-42.9466955],[147.2111635,-42.9469689],[147.2112672,-42.9473791],[147.2113358,-42.9476507],[147.2113388,-42.9476622],[147.2114043,-42.9479214],[147.2113805,-42.9479297],[147.210848,-42.9481147],[147.2084011,-42.949031],[147.208374,-42.9490411],[147.2083737,-42.9490412],[147.2083323,-42.9492198],[147.2080898,-42.9502657],[147.2072624,-42.9509518],[147.2070889,-42.9511119],[147.2070843,-42.9511161],[147.2072441,-42.9512875],[147.2075365,-42.9516009],[147.207585,-42.951653],[147.2076099,-42.9516797],[147.2076219,-42.951517],[147.2076593,-42.9514676],[147.2077454,-42.9513538],[147.207787,-42.9513076],[147.2079068,-42.9511745],[147.2081264,-42.951008],[147.2081329,-42.9510031],[147.2082612,-42.9509152],[147.2084319,-42.9507982],[147.2085123,-42.9506271],[147.2085761,-42.9505419],[147.2086735,-42.950412],[147.2087721,-42.9502805],[147.2088347,-42.950197],[147.2090226,-42.9499064],[147.2092565,-42.9496024],[147.2092743,-42.9495831],[147.2094286,-42.9494153],[147.2095548,-42.9493161],[147.2096009,-42.9492798],[147.2098219,-42.949192],[147.2099628,-42.9491553],[147.2101292,-42.9491119],[147.2101307,-42.9491118],[147.210426,-42.9490875],[147.2106455,-42.9490081],[147.2106578,-42.9490036],[147.2106889,-42.9489899],[147.2111112,-42.9488038],[147.2113368,-42.9487043],[147.2117355,-42.9484849],[147.2120232,-42.9483421],[147.2122093,-42.9482497],[147.2122096,-42.9482496],[147.2123442,-42.9481301],[147.2124675,-42.9478874],[147.2125305,-42.9477313],[147.2125317,-42.9477283],[147.212511,-42.9476772],[147.2125111,-42.9476771],[147.2126863,-42.9475559],[147.2131736,-42.947219],[147.2139458,-42.9466849],[147.215133,-42.9458626],[147.2165902,-42.9448532],[147.216643,-42.9448166],[147.2166849,-42.9447876],[147.2167499,-42.9447426],[147.2168476,-42.9446749],[147.2216983,-42.9413144],[147.2258172,-42.9444791],[147.2245687,-42.9453841],[147.2228276,-42.946646],[147.2255278,-42.9486185],[147.2255967,-42.9486689],[147.2256482,-42.9487065],[147.2257183,-42.9486535],[147.2258226,-42.9485749],[147.2272574,-42.9474926],[147.227359,-42.947416],[147.2311908,-42.9445437],[147.2316367,-42.9448302],[147.2321442,-42.9451564],[147.2359861,-42.9419444],[147.2365074,-42.9399851],[147.236507,-42.9399851],[147.2325746,-42.93943],[147.233194,-42.9370439],[147.2332691,-42.9367547],[147.2332919,-42.9366696],[147.2335056,-42.9358697],[147.2395567,-42.9367335],[147.2399179,-42.9353927],[147.2400195,-42.934999],[147.2402524,-42.9340967],[147.2391133,-42.9337837],[147.2390709,-42.933772],[147.239058,-42.9337684],[147.239042,-42.933764],[147.2390402,-42.9337636],[147.239023,-42.934278],[147.238073,-42.93482],[147.237706,-42.935067],[147.235654,-42.935015],[147.233067,-42.934552],[147.230354,-42.933929],[147.227067,-42.932415],[147.225644,-42.933361],[147.223756,-42.93423],[147.220975,-42.934602],[147.219191,-42.934448],[147.217621,-42.934189],[147.217049,-42.933797],[147.217443,-42.932724],[147.218029,-42.931714],[147.21701,-42.931581],[147.216242,-42.931447],[147.214685,-42.931102],[147.213936,-42.930868],[147.2139,-42.93051],[147.213897,-42.930108],[147.213223,-42.929491],[147.21229,-42.929298],[147.21216,-42.929048],[147.211705,-42.928172],[147.210888,-42.928766],[147.210433,-42.929239],[147.210345,-42.929359],[147.209851,-42.929761],[147.209368,-42.929953],[147.208847,-42.930054],[147.208376,-42.930019],[147.208003,-42.929728],[147.207518,-42.929164],[147.207258,-42.92867],[147.206179,-42.928931],[147.205618,-42.92949],[147.205088,-42.93015],[147.20486,-42.93007],[147.204481,-42.929968],[147.204123,-42.929575],[147.203608,-42.92892],[147.203071,-42.928897],[147.202582,-42.929235],[147.202412,-42.929282],[147.202359,-42.929507],[147.202204,-42.929564],[147.201915,-42.929467],[147.201282,-42.929252],[147.200399,-42.929097],[147.199953,-42.929091],[147.198772,-42.928873],[147.195377,-42.927048],[147.194693,-42.92511],[147.194617,-42.923485],[147.195727,-42.920366],[147.19134,-42.922139],[147.188217,-42.924197],[147.184994,-42.925606],[147.1846623,-42.9257448],[147.184423,-42.925845],[147.181694,-42.926577],[147.178839,-42.927004],[147.180447,-42.93166],[147.174729,-42.937731],[147.17444,-42.93762],[147.174041,-42.937395],[147.17359,-42.936849],[147.17345,-42.9366],[147.173049,-42.935614],[147.172369,-42.933436],[147.172066,-42.932658],[147.171864,-42.932347],[147.171394,-42.931957],[147.170402,-42.931205],[147.168351,-42.929623],[147.167185,-42.928932],[147.165976,-42.928479],[147.165424,-42.928192],[147.165225,-42.92804],[147.164665,-42.927342],[147.164269,-42.926741],[147.163837,-42.92561],[147.16365,-42.92479],[147.163551,-42.924466],[147.16346,-42.924218],[147.163281,-42.923981],[147.161536,-42.922047],[147.161388,-42.921759],[147.161308,-42.921394],[147.161194,-42.920701],[147.161004,-42.919936],[147.15575,-42.907288],[147.143021,-42.895869],[147.143019,-42.895868],[147.143036,-42.895848],[147.143075,-42.895787],[147.143105,-42.895731],[147.143138,-42.895643],[147.143163,-42.895537],[147.143171,-42.89546],[147.143171,-42.895394],[147.143161,-42.895313],[147.143148,-42.89526],[147.143103,-42.895156],[147.143064,-42.895092],[147.143036,-42.895052],[147.143004,-42.895015],[147.14288,-42.894888],[147.142822,-42.894838],[147.142797,-42.894819],[147.142685,-42.894752],[147.142469,-42.894651],[147.142447,-42.894642],[147.142423,-42.894632],[147.142335,-42.894599],[147.142287,-42.894582],[147.142202,-42.894557],[147.142138,-42.89454],[147.141515,-42.894409],[147.141302,-42.894351],[147.141254,-42.894336],[147.141211,-42.894316],[147.1411,-42.894225],[147.140997,-42.894134],[147.140821,-42.893944],[147.140756,-42.893885],[147.140566,-42.89374],[147.140553,-42.893679],[147.140549,-42.89367],[147.140542,-42.893618],[147.140512,-42.893519],[147.14047,-42.893428],[147.140457,-42.893403],[147.140394,-42.89329],[147.140357,-42.893234],[147.140295,-42.893169],[147.140067,-42.892971],[147.139949,-42.892892],[147.139673,-42.89275],[147.139628,-42.892729],[147.139605,-42.89272],[147.13938,-42.892634],[147.139337,-42.892613],[147.139262,-42.892567],[147.139199,-42.892533],[147.139012,-42.892444],[147.138879,-42.892336],[147.13875,-42.892222],[147.138651,-42.892129],[147.138596,-42.892084],[147.138445,-42.891976],[147.138349,-42.891886],[147.13823,-42.891802],[147.13808,-42.891721],[147.137871,-42.891598],[147.137831,-42.891577],[147.13773,-42.891527],[147.13769,-42.891488],[147.137592,-42.891413],[147.137514,-42.891365],[147.137397,-42.891259],[147.137279,-42.891176],[147.137139,-42.891102],[147.137275,-42.891069],[147.137407,-42.891061],[147.137416,-42.89106],[147.137852,-42.891029],[147.137924,-42.891021],[147.138367,-42.890949],[147.138436,-42.890935],[147.138619,-42.890889],[147.138675,-42.890876],[147.138726,-42.890863],[147.138837,-42.89083],[147.138906,-42.890806],[147.138969,-42.890781],[147.138979,-42.890777],[147.138993,-42.89077],[147.139105,-42.89072],[147.139271,-42.890609],[147.13935,-42.890532],[147.139393,-42.890484],[147.139424,-42.89044],[147.139511,-42.890292],[147.139543,-42.890226],[147.139586,-42.890103],[147.139589,-42.890093],[147.139627,-42.889975],[147.13964,-42.889921],[147.139657,-42.889803],[147.139702,-42.88965],[147.139716,-42.889555],[147.139714,-42.889521],[147.139697,-42.889358],[147.139681,-42.889284],[147.139587,-42.889006],[147.139438,-42.888482],[147.139429,-42.888453],[147.139421,-42.888433],[147.139414,-42.888373],[147.139405,-42.888323],[147.139384,-42.888243],[147.139365,-42.888189],[147.139344,-42.888142],[147.139358,-42.888129],[147.139396,-42.888086],[147.139409,-42.888068],[147.139518,-42.887914],[147.139581,-42.887769],[147.139601,-42.887659],[147.139622,-42.887552],[147.139654,-42.887498],[147.139737,-42.887383],[147.139923,-42.887133],[147.140108,-42.886886],[147.140187,-42.886785],[147.140188,-42.886784],[147.14026,-42.886636],[147.140274,-42.886577],[147.140292,-42.886546],[147.140342,-42.886468],[147.140386,-42.886376],[147.140422,-42.886265],[147.140438,-42.886166],[147.140439,-42.886021],[147.140439,-42.886017],[147.140438,-42.885993],[147.140433,-42.885918],[147.14042,-42.885848],[147.140402,-42.885786],[147.140379,-42.885727],[147.140355,-42.885678],[147.140309,-42.885606],[147.140306,-42.885603],[147.140291,-42.885583],[147.140069,-42.885422],[147.139982,-42.885391],[147.139919,-42.885374],[147.139885,-42.885359],[147.139913,-42.885322],[147.139943,-42.885274],[147.140072,-42.885035],[147.14014,-42.884932],[147.140168,-42.884883],[147.140209,-42.884796],[147.140223,-42.884763],[147.140271,-42.884626],[147.140289,-42.884555],[147.140299,-42.884474],[147.140302,-42.884429],[147.140302,-42.884419],[147.1403,-42.884346],[147.140294,-42.884298],[147.14028,-42.88422],[147.140263,-42.884159],[147.140235,-42.884084],[147.140216,-42.884042],[147.140167,-42.883948],[147.140154,-42.883925],[147.14007,-42.883787],[147.140056,-42.883766],[147.139947,-42.883611],[147.13994,-42.883602],[147.139838,-42.883464],[147.139796,-42.883403],[147.139779,-42.883379],[147.139637,-42.883257],[147.139405,-42.883117],[147.139327,-42.883069],[147.139276,-42.883041],[147.139226,-42.883016],[147.139263,-42.882955],[147.139276,-42.882931],[147.139321,-42.882845],[147.139353,-42.88276],[147.139362,-42.882723],[147.13937,-42.882647],[147.139369,-42.882616],[147.13936,-42.882524],[147.139349,-42.882464],[147.139315,-42.882344],[147.139307,-42.882319],[147.139262,-42.882194],[147.139252,-42.882171],[147.139222,-42.882103],[147.139202,-42.88199],[147.139124,-42.881824],[147.139119,-42.881817],[147.139018,-42.881694],[147.138998,-42.881672],[147.138907,-42.881573],[147.138566,-42.881166],[147.138238,-42.880759],[147.138135,-42.880543],[147.13837,-42.880455],[147.138754,-42.880346],[147.138778,-42.880339],[147.139209,-42.880201],[147.139272,-42.880178],[147.139304,-42.880163],[147.139535,-42.880051],[147.13968,-42.879982],[147.139759,-42.87996],[147.139837,-42.879933],[147.14,-42.879867],[147.140285,-42.879775],[147.140326,-42.87976],[147.140393,-42.879734],[147.140558,-42.879691],[147.140737,-42.879672],[147.140743,-42.879672],[147.140867,-42.879658],[147.141086,-42.879644],[147.141228,-42.879636],[147.141459,-42.87959],[147.141584,-42.879543],[147.141616,-42.879531],[147.141618,-42.87953],[147.141747,-42.879474],[147.141832,-42.879431],[147.141932,-42.879369],[147.141983,-42.879334],[147.142071,-42.879267],[147.142124,-42.87922],[147.142179,-42.879163],[147.142294,-42.879083],[147.142397,-42.879017],[147.142426,-42.879006],[147.142429,-42.879005],[147.142601,-42.878937],[147.142619,-42.87893],[147.142693,-42.878892],[147.142802,-42.878829],[147.142958,-42.878747],[147.142997,-42.878725],[147.143147,-42.878633],[147.143193,-42.878601],[147.143356,-42.878478],[147.14336,-42.878476],[147.143434,-42.878419],[147.143511,-42.878372],[147.143633,-42.878275],[147.1438,-42.878093],[147.143824,-42.878066],[147.143881,-42.877967],[147.143934,-42.877834],[147.144157,-42.877668],[147.144192,-42.87764],[147.144682,-42.877209],[147.144904,-42.877028],[147.145295,-42.876766],[147.145308,-42.876757],[147.145655,-42.876511],[147.145678,-42.876493],[147.145944,-42.876282],[147.146142,-42.876145],[147.146179,-42.876117],[147.146352,-42.875974],[147.146388,-42.875949],[147.146458,-42.875921],[147.146471,-42.875916],[147.146506,-42.8759],[147.146637,-42.875835],[147.146895,-42.875711],[147.147089,-42.875561],[147.147182,-42.875445],[147.147275,-42.87537],[147.147287,-42.87536],[147.147408,-42.875257],[147.14746,-42.875206],[147.147587,-42.875059],[147.147719,-42.874947],[147.147774,-42.874973],[147.148081,-42.875033],[147.148217,-42.875022],[147.148389,-42.874993],[147.148412,-42.874988],[147.148561,-42.874959],[147.148686,-42.874934],[147.148748,-42.874925],[147.14873,-42.875032],[147.148726,-42.875087],[147.148726,-42.875099],[147.148704,-42.875124],[147.148635,-42.875254],[147.148577,-42.875454],[147.148564,-42.875548],[147.148565,-42.875577],[147.148578,-42.875722],[147.148646,-42.875899],[147.148701,-42.875978],[147.148763,-42.876076],[147.14879,-42.876114],[147.148822,-42.876151],[147.148857,-42.876186],[147.148878,-42.876253],[147.148899,-42.876318],[147.148966,-42.876443],[147.149073,-42.876543],[147.149208,-42.876638],[147.149338,-42.876821],[147.149352,-42.876839],[147.149377,-42.876868],[147.149486,-42.876985],[147.149516,-42.877015],[147.149701,-42.877181],[147.149709,-42.877188],[147.149897,-42.87735],[147.15003,-42.877436],[147.150209,-42.877522],[147.150241,-42.877538],[147.150241,-42.877539],[147.15025,-42.877614],[147.150279,-42.87774],[147.1503,-42.877801],[147.150357,-42.877934],[147.150421,-42.878086],[147.150444,-42.878214],[147.150456,-42.878262],[147.150515,-42.87844],[147.150578,-42.878556],[147.150725,-42.878746],[147.150728,-42.87875],[147.150791,-42.878816],[147.150926,-42.878932],[147.151219,-42.879229],[147.151221,-42.879232],[147.151493,-42.879503],[147.151519,-42.879566],[147.151542,-42.879717],[147.151606,-42.879862],[147.151611,-42.879914],[147.151627,-42.879989],[147.151669,-42.880118],[147.151735,-42.880239],[147.151789,-42.880296],[147.151893,-42.880391],[147.151937,-42.880427],[147.152025,-42.880491],[147.152119,-42.880547],[147.152232,-42.880602],[147.152265,-42.880618],[147.152482,-42.880673],[147.152492,-42.880674],[147.152524,-42.880685],[147.152711,-42.880728],[147.152946,-42.880752],[147.153033,-42.880757],[147.153165,-42.880746],[147.15338,-42.880711],[147.153498,-42.880701],[147.153567,-42.880692],[147.153624,-42.880698],[147.15373,-42.880718],[147.15387,-42.880748],[147.15388,-42.88075],[147.154037,-42.880782],[147.15421,-42.880827],[147.154417,-42.880853],[147.154434,-42.880853],[147.154547,-42.880851],[147.154597,-42.880854],[147.154765,-42.880881],[147.154811,-42.880902],[147.155134,-42.881133],[147.155256,-42.881201],[147.155472,-42.881256],[147.1556,-42.88127],[147.155814,-42.881346],[147.156072,-42.881455],[147.156073,-42.881455],[147.156112,-42.88147],[147.15638,-42.881565],[147.156593,-42.881608],[147.156858,-42.881625],[147.15702,-42.881641],[147.157212,-42.881681],[147.157231,-42.881686],[147.157318,-42.881756],[147.157364,-42.88179],[147.157519,-42.881891],[147.157621,-42.881945],[147.157636,-42.881951],[147.158274,-42.882204],[147.158664,-42.882384],[147.158666,-42.882385],[147.158888,-42.882486],[147.158906,-42.882494],[147.158913,-42.882496],[147.15908,-42.882565],[147.159247,-42.882636],[147.159803,-42.883026],[147.159819,-42.883037],[147.159956,-42.883126],[147.159993,-42.883148],[147.160091,-42.883203],[147.160156,-42.883235],[147.160178,-42.883244],[147.160304,-42.883292],[147.160376,-42.883316],[147.160525,-42.883356],[147.160664,-42.8834],[147.160723,-42.883416],[147.160809,-42.883435],[147.160861,-42.883445],[147.161064,-42.883478],[147.161123,-42.883486],[147.161392,-42.883509],[147.161466,-42.883512],[147.161517,-42.883511],[147.161657,-42.883502],[147.161747,-42.883492],[147.161883,-42.883468],[147.16196,-42.88345],[147.162097,-42.883412],[147.162157,-42.883392],[147.162276,-42.883347],[147.162304,-42.883336],[147.162394,-42.883289],[147.162621,-42.883147],[147.162831,-42.883089],[147.162958,-42.883056],[147.163141,-42.883016],[147.163331,-42.882984],[147.163354,-42.882979],[147.163565,-42.882937],[147.163712,-42.882892],[147.163877,-42.882822],[147.164061,-42.882702],[147.164221,-42.882544],[147.164475,-42.882405],[147.164495,-42.882393],[147.164784,-42.882221],[147.164905,-42.882123],[147.165088,-42.881924],[147.165195,-42.881808],[147.16522,-42.881779],[147.165231,-42.881764],[147.165256,-42.88173],[147.165257,-42.881729],[147.165391,-42.88161],[147.165393,-42.881608],[147.165445,-42.88154],[147.165469,-42.881507],[147.165526,-42.881416],[147.16557,-42.881319],[147.165635,-42.881089],[147.165648,-42.880996],[147.165643,-42.880936],[147.16561,-42.880759],[147.165613,-42.880737],[147.165651,-42.880749],[147.165867,-42.880788],[147.165978,-42.880793],[147.166015,-42.880794],[147.166227,-42.880766],[147.166394,-42.880721],[147.166466,-42.880697],[147.166518,-42.880677],[147.166541,-42.880668],[147.166661,-42.880579],[147.166762,-42.880523],[147.166978,-42.880366],[147.167187,-42.880244],[147.167273,-42.880183],[147.167457,-42.880021],[147.167475,-42.880006],[147.167754,-42.879739],[147.167852,-42.879662],[147.167896,-42.879638],[147.168104,-42.879524],[147.168244,-42.87946],[147.168297,-42.879434],[147.168442,-42.879351],[147.168511,-42.879306],[147.16875,-42.879121],[147.168987,-42.878953],[147.169138,-42.878846],[147.169158,-42.878832],[147.169436,-42.878615],[147.169756,-42.878367],[147.17005,-42.87814],[147.170074,-42.87812],[147.17025,-42.877967],[147.170383,-42.877882],[147.170436,-42.877844],[147.170603,-42.877709],[147.170607,-42.877705],[147.171048,-42.877339],[147.17107,-42.877319],[147.171331,-42.877075],[147.171753,-42.876705],[147.171851,-42.876636],[147.171867,-42.876624],[147.171936,-42.876571],[147.172098,-42.876496],[147.172223,-42.876438],[147.172326,-42.876379],[147.17247,-42.876275],[147.172558,-42.876215],[147.173049,-42.876138],[147.17319,-42.876102],[147.173351,-42.876044],[147.173549,-42.876008],[147.173607,-42.875995],[147.173813,-42.875941],[147.174091,-42.875906],[147.174099,-42.875905],[147.174614,-42.875835],[147.174642,-42.875831],[147.174871,-42.875793],[147.174876,-42.875792],[147.175311,-42.875715],[147.175325,-42.875712],[147.17562,-42.875655],[147.175624,-42.875654],[147.175955,-42.875587],[147.176101,-42.875542],[147.176232,-42.875468],[147.17632,-42.875401],[147.176548,-42.875278],[147.176639,-42.875219],[147.176771,-42.875112],[147.17692,-42.874997],[147.177019,-42.874984],[147.1771,-42.874962],[147.177157,-42.874944],[147.177387,-42.874861],[147.178055,-42.87463],[147.178102,-42.874612],[147.178161,-42.874583],[147.17837,-42.874468],[147.178456,-42.874411],[147.178631,-42.874269],[147.178962,-42.874043],[147.179173,-42.8739],[147.179363,-42.873788],[147.179631,-42.873664],[147.179851,-42.873576],[147.179868,-42.87357],[147.179931,-42.873539],[147.180078,-42.873457],[147.180204,-42.873361],[147.180294,-42.87327],[147.180328,-42.873231],[147.180382,-42.87314],[147.180435,-42.873015],[147.180493,-42.872908],[147.180511,-42.872885],[147.180592,-42.872839],[147.180665,-42.87279],[147.180824,-42.872665],[147.180874,-42.87262],[147.181048,-42.87244],[147.181066,-42.872421],[147.181149,-42.872325],[147.181282,-42.872218],[147.181364,-42.872175],[147.181422,-42.872141],[147.181577,-42.872037],[147.181603,-42.872019],[147.181726,-42.871926],[147.181861,-42.871824],[147.181953,-42.871734],[147.181985,-42.871688],[147.182049,-42.871578],[147.182077,-42.87152],[147.18209,-42.871487],[147.18218,-42.871401],[147.182197,-42.871379],[147.182304,-42.871222],[147.182462,-42.871023],[147.182576,-42.870896],[147.182737,-42.870947],[147.182888,-42.870979],[147.183223,-42.871015],[147.183289,-42.87102],[147.183703,-42.871031],[147.183728,-42.871032],[147.183754,-42.871031],[147.184042,-42.871022],[147.184191,-42.871003],[147.184306,-42.870978],[147.184438,-42.870936],[147.184535,-42.870884],[147.184694,-42.870782],[147.184788,-42.870728],[147.184872,-42.870703],[147.185025,-42.870667],[147.185254,-42.870632],[147.185391,-42.870615],[147.185491,-42.870597],[147.18588,-42.870499],[147.186498,-42.870377],[147.186594,-42.870352],[147.186766,-42.870295],[147.187127,-42.870207],[147.187247,-42.870184],[147.187697,-42.870118],[147.18773,-42.870112],[147.187892,-42.870082],[147.187928,-42.870074],[147.188262,-42.869995],[147.188324,-42.869983],[147.188375,-42.869977],[147.188938,-42.869955],[147.188968,-42.869953],[147.189262,-42.869931],[147.189348,-42.86992],[147.189624,-42.869869],[147.189689,-42.869854],[147.189965,-42.869779],[147.190013,-42.869764],[147.190261,-42.869677],[147.1904,-42.869633],[147.190805,-42.869514],[147.190851,-42.869499],[147.19099,-42.869448],[147.191103,-42.869423],[147.191155,-42.86941],[147.191309,-42.869364],[147.191463,-42.869322],[147.191624,-42.869281],[147.191815,-42.869246],[147.191843,-42.86924],[147.191965,-42.869213],[147.192033,-42.869208],[147.192072,-42.869204],[147.192441,-42.86916],[147.19285,-42.869156],[147.192941,-42.86915],[147.193254,-42.869113],[147.193288,-42.869108],[147.193743,-42.869034],[147.193984,-42.868998],[147.194766,-42.86889],[147.194804,-42.868884],[147.195344,-42.868782],[147.195666,-42.868891],[147.196016,-42.86902],[147.196307,-42.869144],[147.196662,-42.869327],[147.196979,-42.869494],[147.196992,-42.869501],[147.197193,-42.869602],[147.197357,-42.869692],[147.197675,-42.86989],[147.198139,-42.870189],[147.198151,-42.870196],[147.198396,-42.870347],[147.198436,-42.870375],[147.198436,-42.870369],[147.198436,-42.870261],[147.1987456,-42.8699485],[147.199393,-42.869295],[147.19957,-42.868747],[147.199624,-42.868027],[147.199807,-42.867554],[147.200814,-42.866267],[147.201639,-42.865589],[147.203659,-42.864841],[147.2041,-42.864584],[147.20417,-42.864095],[147.204466,-42.863481],[147.20494,-42.86281],[147.205326,-42.862341],[147.205414,-42.861859],[147.204932,-42.86037],[147.204931,-42.859954],[147.206536,-42.859206],[147.207099,-42.858351],[147.207405,-42.857733],[147.207586,-42.856922],[147.20795,-42.855839],[147.208224,-42.855162],[147.208404,-42.854282],[147.209045,-42.853334],[147.20958,-42.852607],[147.209757,-42.852016],[147.210049,-42.851439],[147.210874,-42.850558],[147.21179,-42.849745],[147.212522,-42.848797],[147.213989,-42.847847],[147.214355,-42.84717],[147.214767,-42.846005],[147.216046,-42.844732],[147.216595,-42.84392],[147.216869,-42.843378],[147.217051,-42.842769],[147.217048,-42.84216],[147.217139,-42.84189],[147.217599,-42.841889],[147.21852,-42.84236],[147.219162,-42.842842],[147.219983,-42.8433651],[147.219986,-42.843367],[147.219986,-42.8433669],[147.22,-42.843322],[147.220014,-42.843165],[147.219942,-42.843034],[147.219904,-42.842535],[147.219852,-42.84229],[147.219817,-42.841974],[147.219752,-42.841799]],[[147.105707,-42.866764],[147.105611,-42.866853],[147.105595,-42.866869],[147.105512,-42.866953],[147.105478,-42.866992],[147.105455,-42.867023],[147.105291,-42.867277],[147.105279,-42.867297],[147.105216,-42.867408],[147.105213,-42.867414],[147.105133,-42.867562],[147.105032,-42.867701],[147.104868,-42.867864],[147.10483,-42.867907],[147.104805,-42.867942],[147.104651,-42.868185],[147.104637,-42.868208],[147.104512,-42.868439],[147.104505,-42.868452],[147.104353,-42.868761],[147.104326,-42.868834],[147.104267,-42.869073],[147.104258,-42.869125],[147.10425,-42.869223],[147.104248,-42.869252],[147.104251,-42.869291],[147.104262,-42.869382],[147.104283,-42.869467],[147.104331,-42.869588],[147.104347,-42.869623],[147.104393,-42.869713],[147.104417,-42.869753],[147.104553,-42.869953],[147.104571,-42.869978],[147.104576,-42.869984],[147.104646,-42.87007],[147.104737,-42.870209],[147.104758,-42.870237],[147.104982,-42.870523],[147.104995,-42.870546],[147.105004,-42.870568],[147.105019,-42.870619],[147.105027,-42.870773],[147.105033,-42.870823],[147.10507,-42.871003],[147.105087,-42.87106],[147.105115,-42.871132],[147.105127,-42.87116],[147.10534,-42.871595],[147.105403,-42.871753],[147.10543,-42.871806],[147.105464,-42.871864],[147.105495,-42.871909],[147.105531,-42.871949],[147.105581,-42.872],[147.105643,-42.872053],[147.105737,-42.872122],[147.105758,-42.872136],[147.106286,-42.872489],[147.106373,-42.872537],[147.106442,-42.872569],[147.106462,-42.872578],[147.10654,-42.872606],[147.106644,-42.872637],[147.106688,-42.872648],[147.106824,-42.87268],[147.106854,-42.872686],[147.107005,-42.872715],[147.107065,-42.872743],[147.107088,-42.872753],[147.107096,-42.872756],[147.107526,-42.872932],[147.107577,-42.87295],[147.107835,-42.873033],[147.108139,-42.873141],[147.108164,-42.87315],[147.108598,-42.873286],[147.108646,-42.8733],[147.108751,-42.873325],[147.108806,-42.873336],[147.108902,-42.873353],[147.108937,-42.873358],[147.109227,-42.873395],[147.109246,-42.873445],[147.109271,-42.873496],[147.10931,-42.873557],[147.109387,-42.873658],[147.109392,-42.873665],[147.109427,-42.873704],[147.109498,-42.873776],[147.109541,-42.873814],[147.109581,-42.873846],[147.109667,-42.873903],[147.109694,-42.873918],[147.109755,-42.873947],[147.109824,-42.873972],[147.109893,-42.873994],[147.109926,-42.874031],[147.109949,-42.874057],[147.110339,-42.874446],[147.110689,-42.875105],[147.110729,-42.875167],[147.110911,-42.875311],[147.11098,-42.875346],[147.111023,-42.875366],[147.111037,-42.875372],[147.111141,-42.875413],[147.111212,-42.875437],[147.111527,-42.875526],[147.111528,-42.875527],[147.111543,-42.875536],[147.111573,-42.875557],[147.111608,-42.875588],[147.111687,-42.875726],[147.111721,-42.875777],[147.111725,-42.875781],[147.111776,-42.875845],[147.111831,-42.875902],[147.111915,-42.875976],[147.111945,-42.876001],[147.112021,-42.876059],[147.112057,-42.876113],[147.112225,-42.876433],[147.112267,-42.876497],[147.112268,-42.876499],[147.112301,-42.87654],[147.112318,-42.87656],[147.112432,-42.876688],[147.112466,-42.876739],[147.112477,-42.876756],[147.11257,-42.876884],[147.112577,-42.876892],[147.112639,-42.876973],[147.112642,-42.876978],[147.11265,-42.876988],[147.112727,-42.877079],[147.112778,-42.877157],[147.112836,-42.877257],[147.11297,-42.877534],[147.113085,-42.877793],[147.113088,-42.877798],[147.113172,-42.877979],[147.113181,-42.877998],[147.113269,-42.878164],[147.11331,-42.878226],[147.113328,-42.878247],[147.113464,-42.8784],[147.113544,-42.878522],[147.113671,-42.878729],[147.113699,-42.87877],[147.113776,-42.878846],[147.113833,-42.878893],[147.113877,-42.878938],[147.113927,-42.878982],[147.113987,-42.879031],[147.114037,-42.879065],[147.114116,-42.879115],[147.114252,-42.879208],[147.114255,-42.87921],[147.114349,-42.879274],[147.114396,-42.879388],[147.114494,-42.879684],[147.114587,-42.880042],[147.114618,-42.880264],[147.114608,-42.880453],[147.114607,-42.880472],[147.114644,-42.880625],[147.114715,-42.880769],[147.114733,-42.880801],[147.114759,-42.880843],[147.114766,-42.880984],[147.114748,-42.881314],[147.114731,-42.8815],[147.114695,-42.881621],[147.114681,-42.881717],[147.114684,-42.881768],[147.114735,-42.882094],[147.114737,-42.882105],[147.114772,-42.882289],[147.114788,-42.882457],[147.114791,-42.882482],[147.114823,-42.882673],[147.114833,-42.882785],[147.114842,-42.882837],[147.114857,-42.882897],[147.114861,-42.882913],[147.114915,-42.88309],[147.114926,-42.883122],[147.114985,-42.883266],[147.115008,-42.883334],[147.115021,-42.883427],[147.115025,-42.88345],[147.115092,-42.883779],[147.115135,-42.883985],[147.115148,-42.884032],[147.115232,-42.884268],[147.115239,-42.884286],[147.115327,-42.884498],[147.115375,-42.884583],[147.115451,-42.884684],[147.115458,-42.884693],[147.115465,-42.884702],[147.115524,-42.884773],[147.115608,-42.884852],[147.115742,-42.884954],[147.115876,-42.88503],[147.115989,-42.885067],[147.116191,-42.885116],[147.116244,-42.885141],[147.116269,-42.885152],[147.116365,-42.885185],[147.116536,-42.885231],[147.116588,-42.885243],[147.116693,-42.885264],[147.116836,-42.885311],[147.116983,-42.885363],[147.117011,-42.885372],[147.11727,-42.88545],[147.117465,-42.885511],[147.117625,-42.88558],[147.117629,-42.885582],[147.117679,-42.885595],[147.117678,-42.885599],[147.117654,-42.885675],[147.117636,-42.885771],[147.117656,-42.885811],[147.116926,-42.886157],[147.116801,-42.886213],[147.116542,-42.886279],[147.116469,-42.886302],[147.11617,-42.886413],[147.116164,-42.886414],[147.115774,-42.886429],[147.115664,-42.88644],[147.115639,-42.886444],[147.115562,-42.88645],[147.115482,-42.88645],[147.115321,-42.886466],[147.115227,-42.886485],[147.115169,-42.886499],[147.115012,-42.886543],[147.114925,-42.886574],[147.114873,-42.886598],[147.114811,-42.886631],[147.114735,-42.886679],[147.114668,-42.886728],[147.114606,-42.886782],[147.114527,-42.886862],[147.114476,-42.886908],[147.114385,-42.886971],[147.114326,-42.887011],[147.114309,-42.88702],[147.114264,-42.887032],[147.114178,-42.887063],[147.113953,-42.887227],[147.113916,-42.887283],[147.113871,-42.887366],[147.113829,-42.887487],[147.113817,-42.887573],[147.113813,-42.887621],[147.113813,-42.887704],[147.11373,-42.887731],[147.113669,-42.887753],[147.113647,-42.887763],[147.11356,-42.887804],[147.113425,-42.887863],[147.113231,-42.887938],[147.112988,-42.888027],[147.112956,-42.88804],[147.112921,-42.888056],[147.112756,-42.888138],[147.112619,-42.88823],[147.112463,-42.888374],[147.112261,-42.888512],[147.112212,-42.888549],[147.112149,-42.888604],[147.112133,-42.888613],[147.112076,-42.888635],[147.111868,-42.888691],[147.111638,-42.888729],[147.111503,-42.888746],[147.111352,-42.888781],[147.111263,-42.888811],[147.111212,-42.888831],[147.111091,-42.888898],[147.111075,-42.888909],[147.111034,-42.888907],[147.111014,-42.888892],[147.110985,-42.888871],[147.110814,-42.888756],[147.110761,-42.888725],[147.110715,-42.8887],[147.11066,-42.888674],[147.110566,-42.888642],[147.110512,-42.888628],[147.110481,-42.888616],[147.110205,-42.888568],[147.109966,-42.888604],[147.109917,-42.888619],[147.109849,-42.888639],[147.109765,-42.888668],[147.109642,-42.888737],[147.109399,-42.888913],[147.10934,-42.888963],[147.109295,-42.889007],[147.109255,-42.889014],[147.109164,-42.889036],[147.109108,-42.889054],[147.108946,-42.888991],[147.108775,-42.888924],[147.108653,-42.888862],[147.108384,-42.88869],[147.10836,-42.888676],[147.108123,-42.888539],[147.107874,-42.888372],[147.107872,-42.888371],[147.107739,-42.888283],[147.107635,-42.888227],[147.107574,-42.888205],[147.107447,-42.888164],[147.107283,-42.888107],[147.107242,-42.888094],[147.107027,-42.888033],[147.107014,-42.888029],[147.106633,-42.887928],[147.106579,-42.887916],[147.106334,-42.887869],[147.105903,-42.887756],[147.10572,-42.88773],[147.105434,-42.887722],[147.105252,-42.887705],[147.105141,-42.887675],[147.105121,-42.88767],[147.105017,-42.887645],[147.10501,-42.887644],[147.104797,-42.887594],[147.104614,-42.88754],[147.104382,-42.887507],[147.104201,-42.887527],[147.103971,-42.887579],[147.103867,-42.887611],[147.103785,-42.887643],[147.103685,-42.887653],[147.103565,-42.887675],[147.103402,-42.887718],[147.10337,-42.887715],[147.103005,-42.887697],[147.102965,-42.887696],[147.102953,-42.887697],[147.102833,-42.887698],[147.102753,-42.887703],[147.102744,-42.887705],[147.102741,-42.887704],[147.102703,-42.887704],[147.102397,-42.887764],[147.102392,-42.887766],[147.102256,-42.887825],[147.102134,-42.887895],[147.10203,-42.887972],[147.101932,-42.888065],[147.101915,-42.888088],[147.101859,-42.888171],[147.101801,-42.888241],[147.101795,-42.888249],[147.101721,-42.888398],[147.101696,-42.888506],[147.101688,-42.888559],[147.101682,-42.888657],[147.10168,-42.888667],[147.101673,-42.888678],[147.10166,-42.888681],[147.101543,-42.888715],[147.101422,-42.888761],[147.101397,-42.888771],[147.101307,-42.888817],[147.10121,-42.888878],[147.100982,-42.889005],[147.100902,-42.889059],[147.100837,-42.889111],[147.100738,-42.889166],[147.100693,-42.889195],[147.10065,-42.889224],[147.100641,-42.889227],[147.100574,-42.889251],[147.10055,-42.889266],[147.100546,-42.889265],[147.100484,-42.889227],[147.10036,-42.889128],[147.100355,-42.889124],[147.100326,-42.889102],[147.100294,-42.889066],[147.100271,-42.889043],[147.100188,-42.888962],[147.100134,-42.888894],[147.100119,-42.888876],[147.099956,-42.888692],[147.099907,-42.888644],[147.099676,-42.888447],[147.099554,-42.888319],[147.0995,-42.888271],[147.09932,-42.888129],[147.099274,-42.888097],[147.099132,-42.888007],[147.098975,-42.887891],[147.098923,-42.887857],[147.09878,-42.887774],[147.098705,-42.887737],[147.098551,-42.887691],[147.098388,-42.88766],[147.098359,-42.887656],[147.098139,-42.887622],[147.09784,-42.887544],[147.097769,-42.887529],[147.097505,-42.887485],[147.097263,-42.887401],[147.097238,-42.887393],[147.096929,-42.887298],[147.096922,-42.887296],[147.096704,-42.887231],[147.096667,-42.887221],[147.096451,-42.887169],[147.096418,-42.887162],[147.096196,-42.887118],[147.096167,-42.887113],[147.096026,-42.887091],[147.095826,-42.887029],[147.095767,-42.887013],[147.095537,-42.886961],[147.095343,-42.886902],[147.095192,-42.886856],[147.094983,-42.886822],[147.094795,-42.886816],[147.094773,-42.886816],[147.09462,-42.886815],[147.094528,-42.886809],[147.094392,-42.886771],[147.094168,-42.88674],[147.094152,-42.88674],[147.093848,-42.886746],[147.093788,-42.88675],[147.093506,-42.886776],[147.09316,-42.886755],[147.093109,-42.886753],[147.093049,-42.886756],[147.092819,-42.886772],[147.092689,-42.886759],[147.092357,-42.886692],[147.092266,-42.886679],[147.091967,-42.886654],[147.091738,-42.88662],[147.091533,-42.886585],[147.091392,-42.886573],[147.091152,-42.886573],[147.090927,-42.886551],[147.090923,-42.886551],[147.090686,-42.88653],[147.090511,-42.886496],[147.090414,-42.88646],[147.090296,-42.886391],[147.090141,-42.886274],[147.090029,-42.88615],[147.090012,-42.886132],[147.089811,-42.885932],[147.089695,-42.885845],[147.089561,-42.885769],[147.08949,-42.885733],[147.089345,-42.885689],[147.089207,-42.885662],[147.089189,-42.885658],[147.088946,-42.885615],[147.088763,-42.885576],[147.088583,-42.885506],[147.088367,-42.8854],[147.088331,-42.885384],[147.088241,-42.885352],[147.087985,-42.885282],[147.087842,-42.885256],[147.087676,-42.885242],[147.087488,-42.885223],[147.087169,-42.885179],[147.086916,-42.885111],[147.086823,-42.885091],[147.086526,-42.885049],[147.086311,-42.885013],[147.086072,-42.884961],[147.085855,-42.884907],[147.085749,-42.884888],[147.085537,-42.884864],[147.085511,-42.884862],[147.085278,-42.884844],[147.085157,-42.88483],[147.085143,-42.884711],[147.085085,-42.884554],[147.084938,-42.88433],[147.084916,-42.884299],[147.084906,-42.884287],[147.084776,-42.884133],[147.084611,-42.883871],[147.084589,-42.88384],[147.084394,-42.883585],[147.084254,-42.883372],[147.084179,-42.883229],[147.084137,-42.883165],[147.083962,-42.883024],[147.083692,-42.882883],[147.083559,-42.882791],[147.083542,-42.882779],[147.083404,-42.88269],[147.083305,-42.882639],[147.083249,-42.882618],[147.083091,-42.882565],[147.083018,-42.882546],[147.082922,-42.882524],[147.082802,-42.882507],[147.082696,-42.882499],[147.082674,-42.882498],[147.082567,-42.882494],[147.08253,-42.882493],[147.082246,-42.882544],[147.082158,-42.882578],[147.082136,-42.882587],[147.082091,-42.882608],[147.081965,-42.882673],[147.081832,-42.882766],[147.081732,-42.882861],[147.081686,-42.882912],[147.081613,-42.883058],[147.081592,-42.883144],[147.081583,-42.883223],[147.081587,-42.883272],[147.081604,-42.883389],[147.081604,-42.883524],[147.081605,-42.883643],[147.081581,-42.883707],[147.081469,-42.883845],[147.08135,-42.883968],[147.081342,-42.883977],[147.081221,-42.88411],[147.081198,-42.884136],[147.081185,-42.884153],[147.081102,-42.884272],[147.081019,-42.88435],[147.080889,-42.884473],[147.080878,-42.884485],[147.080757,-42.884608],[147.080747,-42.884618],[147.080641,-42.884732],[147.080497,-42.884867],[147.080487,-42.884876],[147.080362,-42.884999],[147.080321,-42.885044],[147.080319,-42.885047],[147.080248,-42.885139],[147.080188,-42.885246],[147.080134,-42.885396],[147.080114,-42.885512],[147.080114,-42.885525],[147.080117,-42.885592],[147.080064,-42.88562],[147.079948,-42.885656],[147.079647,-42.885719],[147.079537,-42.885751],[147.079349,-42.885822],[147.079329,-42.88583],[147.079151,-42.885903],[147.078935,-42.88599],[147.078541,-42.886096],[147.07823,-42.88614],[147.078215,-42.886142],[147.078013,-42.886175],[147.077837,-42.886225],[147.077775,-42.886255],[147.077608,-42.886347],[147.07749,-42.886433],[147.077427,-42.886494],[147.077302,-42.886519],[147.077184,-42.886552],[147.076981,-42.886629],[147.076834,-42.886683],[147.076801,-42.886696],[147.076657,-42.88678],[147.076554,-42.886862],[147.076436,-42.886921],[147.076262,-42.886981],[147.076102,-42.886989],[147.075858,-42.886985],[147.075844,-42.886985],[147.075809,-42.886986],[147.075222,-42.887011],[147.075149,-42.887017],[147.074834,-42.887059],[147.074708,-42.887086],[147.074512,-42.887146],[147.074344,-42.887175],[147.074188,-42.887218],[147.074051,-42.887274],[147.074038,-42.887279],[147.073892,-42.887365],[147.073784,-42.887452],[147.073657,-42.887531],[147.073653,-42.887533],[147.073527,-42.887612],[147.073481,-42.887631],[147.073363,-42.887672],[147.073337,-42.887676],[147.07325,-42.887673],[147.073081,-42.887653],[147.072982,-42.887647],[147.072885,-42.887652],[147.072701,-42.887674],[147.072626,-42.887687],[147.072385,-42.887739],[147.072162,-42.887768],[147.071964,-42.887821],[147.071917,-42.887844],[147.071811,-42.887899],[147.071763,-42.887912],[147.0717,-42.887932],[147.071481,-42.888012],[147.071448,-42.888025],[147.071326,-42.888093],[147.071217,-42.888171],[147.071034,-42.888208],[147.07089,-42.888253],[147.070866,-42.888263],[147.07079,-42.888299],[147.070685,-42.888304],[147.070631,-42.888308],[147.070414,-42.888333],[147.070385,-42.888337],[147.07018,-42.888368],[147.070167,-42.88837],[147.070163,-42.888371],[147.070104,-42.888352],[147.069945,-42.888313],[147.069922,-42.888307],[147.069755,-42.88827],[147.069655,-42.888255],[147.069521,-42.888243],[147.069445,-42.888239],[147.069282,-42.888239],[147.06903,-42.888279],[147.068729,-42.888379],[147.068673,-42.8884],[147.068606,-42.888436],[147.068514,-42.888476],[147.068375,-42.88856],[147.068296,-42.888625],[147.068268,-42.888652],[147.068177,-42.88867],[147.068105,-42.888706],[147.068018,-42.888756],[147.067902,-42.888824],[147.067899,-42.888826],[147.067808,-42.88888],[147.06766,-42.889006],[147.067609,-42.889089],[147.067572,-42.88917],[147.067541,-42.889312],[147.067556,-42.889409],[147.067593,-42.889531],[147.067634,-42.889622],[147.067692,-42.889713],[147.067717,-42.889771],[147.067735,-42.889842],[147.067761,-42.889912],[147.067859,-42.890114],[147.067905,-42.890188],[147.06793,-42.890217],[147.067964,-42.890253],[147.067894,-42.890311],[147.067808,-42.890384],[147.06776,-42.890412],[147.067629,-42.890519],[147.067583,-42.890571],[147.067521,-42.890575],[147.067227,-42.890575],[147.06717,-42.890577],[147.066716,-42.890608],[147.06644,-42.890624],[147.066242,-42.890621],[147.066124,-42.890606],[147.066072,-42.890598],[147.066038,-42.890588],[147.065913,-42.890533],[147.065902,-42.890528],[147.065886,-42.890521],[147.065727,-42.890459],[147.065681,-42.890442],[147.06554,-42.890397],[147.065326,-42.890361],[147.065082,-42.890352],[147.065051,-42.890351],[147.064959,-42.890357],[147.064598,-42.890397],[147.064355,-42.890424],[147.064266,-42.890439],[147.064107,-42.890475],[147.06407,-42.890484],[147.063747,-42.890574],[147.063656,-42.890606],[147.063561,-42.890656],[147.063418,-42.890747],[147.063414,-42.890749],[147.063189,-42.890812],[147.0631,-42.890843],[147.063072,-42.890855],[147.062931,-42.890923],[147.062887,-42.890946],[147.062817,-42.890987],[147.062608,-42.891063],[147.062574,-42.891076],[147.062511,-42.891107],[147.062289,-42.891231],[147.062089,-42.891337],[147.061899,-42.891428],[147.061774,-42.891506],[147.061667,-42.891594],[147.061659,-42.891601],[147.061557,-42.891689],[147.061491,-42.891757],[147.061488,-42.891761],[147.06145,-42.891811],[147.061371,-42.892032],[147.061396,-42.892159],[147.061467,-42.892335],[147.061482,-42.892387],[147.061422,-42.892481],[147.061408,-42.892503],[147.061392,-42.892533],[147.061387,-42.892538],[147.061343,-42.892586],[147.06133,-42.892605],[147.061111,-42.892607],[147.061048,-42.89261],[147.060787,-42.892632],[147.06076,-42.892635],[147.060614,-42.892652],[147.060349,-42.89264],[147.06031,-42.892639],[147.060267,-42.89264],[147.059842,-42.892662],[147.059813,-42.892664],[147.059708,-42.892674],[147.059478,-42.892694],[147.059371,-42.892692],[147.059253,-42.892674],[147.059124,-42.892664],[147.059103,-42.892664],[147.058866,-42.89267],[147.058624,-42.892673],[147.058328,-42.892734],[147.058323,-42.892736],[147.058231,-42.892776],[147.058012,-42.892939],[147.057942,-42.893072],[147.057924,-42.893136],[147.057891,-42.893232],[147.05783,-42.893368],[147.057821,-42.893394],[147.057743,-42.89342],[147.057599,-42.893504],[147.057449,-42.893624],[147.057411,-42.893657],[147.057308,-42.893757],[147.057214,-42.893806],[147.057091,-42.893855],[147.056865,-42.893918],[147.056788,-42.893943],[147.056657,-42.893995],[147.056359,-42.893586],[147.056702,-42.893226],[147.057326,-42.892811],[147.058109,-42.892099],[147.058464,-42.891397],[147.058916,-42.890748],[147.059002,-42.890388],[147.058965,-42.889974],[147.059086,-42.889487],[147.059307,-42.889271],[147.059796,-42.888884],[147.060237,-42.888694],[147.061363,-42.888379],[147.061877,-42.888279],[147.062466,-42.888046],[147.062894,-42.887846],[147.063432,-42.887171],[147.063872,-42.88672],[147.064202,-42.886099],[147.064252,-42.885829],[147.064348,-42.88545],[147.064342,-42.884481],[147.064347,-42.883667],[147.064469,-42.883424],[147.064701,-42.883244],[147.064713,-42.882992],[147.064329,-42.882314],[147.063781,-42.881515],[147.063572,-42.881146],[147.063229,-42.880192],[147.063039,-42.879571],[147.062162,-42.878797],[147.061856,-42.878634],[147.0615,-42.878536],[147.061305,-42.878536],[147.061072,-42.878455],[147.060753,-42.878392],[147.060545,-42.878284],[147.060092,-42.877906],[147.059871,-42.877807],[147.059553,-42.877771],[147.059014,-42.877817],[147.058561,-42.877763],[147.058385,-42.877626],[147.058168,-42.876817],[147.057923,-42.876547],[147.057396,-42.876183],[147.057274,-42.876106],[147.056606,-42.875365],[147.055582,-42.874387],[147.054689,-42.874645],[147.05369,-42.875037],[147.053508,-42.875081],[147.053368,-42.875057],[147.053,-42.874911],[147.052693,-42.874442],[147.052607,-42.874359],[147.052533,-42.874304],[147.052464,-42.874266],[147.052359,-42.874239],[147.052081,-42.874271],[147.051836,-42.87433],[147.051664,-42.874416],[147.051002,-42.87456],[147.051045,-42.874137],[147.051037,-42.873895],[147.050998,-42.873751],[147.050921,-42.873619],[147.050827,-42.873543],[147.050205,-42.873178],[147.050126,-42.873117],[147.049955,-42.872917],[147.049725,-42.872609],[147.049664,-42.872503],[147.049623,-42.872336],[147.04961,-42.872105],[147.049535,-42.87152],[147.049556,-42.871321],[147.04981,-42.870998],[147.050235,-42.870413],[147.050729,-42.869869],[147.050848,-42.869776],[147.051005,-42.869628],[147.051088,-42.869521],[147.051101,-42.869385],[147.051042,-42.869241],[147.050926,-42.869112],[147.05084,-42.869042],[147.050804,-42.868946],[147.05078,-42.868602],[147.050741,-42.868489],[147.050619,-42.868295],[147.050474,-42.868194],[147.050188,-42.868095],[147.050023,-42.868044],[147.049815,-42.868005],[147.049641,-42.86799],[147.049464,-42.867963],[147.049549,-42.86789],[147.049671,-42.867788],[147.049841,-42.867692],[147.050056,-42.867621],[147.050631,-42.867494],[147.050794,-42.867417],[147.0512,-42.867239],[147.051735,-42.867064],[147.052259,-42.866906],[147.052551,-42.86681],[147.05273,-42.866761],[147.053193,-42.866703],[147.053554,-42.866691],[147.05384,-42.866681],[147.054147,-42.866609],[147.054222,-42.866611],[147.054725,-42.866701],[147.054915,-42.866756],[147.055061,-42.866828],[147.05525,-42.866869],[147.056086,-42.86691],[147.056582,-42.866977],[147.056749,-42.867006],[147.057174,-42.867115],[147.057338,-42.867147],[147.057475,-42.867183],[147.057881,-42.867243],[147.058024,-42.867292],[147.058284,-42.867307],[147.058457,-42.867275],[147.058567,-42.867208],[147.058701,-42.867072],[147.058773,-42.866893],[147.05878,-42.866713],[147.058743,-42.866463],[147.058731,-42.86617],[147.058803,-42.866063],[147.058967,-42.865957],[147.059091,-42.865899],[147.059239,-42.865852],[147.059529,-42.865674],[147.059694,-42.865495],[147.059785,-42.865323],[147.060379,-42.864536],[147.060866,-42.863996],[147.061393,-42.863333],[147.061801,-42.862898],[147.062426,-42.862286],[147.062904,-42.861739],[147.063391,-42.861078],[147.0636,-42.860716],[147.063701,-42.860475],[147.063833,-42.860161],[147.063929,-42.859493],[147.063896,-42.85897],[147.063975,-42.858664],[147.064402,-42.857875],[147.064592,-42.857524],[147.064779,-42.857272],[147.064854,-42.857217],[147.065053,-42.857135],[147.0653,-42.857069],[147.065725,-42.856893],[147.065878,-42.856846],[147.066011,-42.85683],[147.066587,-42.856815],[147.066784,-42.856762],[147.067085,-42.856693],[147.067425,-42.856644],[147.067739,-42.856563],[147.0681554,-42.8564032],[147.0681546,-42.8564031],[147.0664292,-42.8562033],[147.0664292,-42.856203],[147.0666518,-42.8552206],[147.0667205,-42.8549172],[147.0667214,-42.8549133],[147.0667824,-42.854644],[147.0669467,-42.8539189],[147.0685822,-42.8541081],[147.0695585,-42.8542211],[147.0696996,-42.8542374],[147.0702726,-42.8543037],[147.0702726,-42.854304],[147.0702094,-42.8545991],[147.0699569,-42.8557777],[147.0699451,-42.8558324],[147.0699445,-42.8558353],[147.069945,-42.855835],[147.069963,-42.855826],[147.070908,-42.854988],[147.071058,-42.854803],[147.071283,-42.854188],[147.071445,-42.853533],[147.071604,-42.852998],[147.071907,-42.852743],[147.082158,-42.84746],[147.082704,-42.847807],[147.083055,-42.848033],[147.083664,-42.848435],[147.083705,-42.84846],[147.084003,-42.848624],[147.084071,-42.848672],[147.08411,-42.848697],[147.084181,-42.84874],[147.084215,-42.848759],[147.084437,-42.848874],[147.084695,-42.849018],[147.084759,-42.849049],[147.084766,-42.849052],[147.084895,-42.849105],[147.084934,-42.849119],[147.085327,-42.849255],[147.085378,-42.84927],[147.085483,-42.849298],[147.085572,-42.849317],[147.085716,-42.849338],[147.085785,-42.849345],[147.086221,-42.849371],[147.086267,-42.849376],[147.086284,-42.84938],[147.086346,-42.849397],[147.086449,-42.849433],[147.08653,-42.849504],[147.086583,-42.849544],[147.086742,-42.849652],[147.086779,-42.849676],[147.087299,-42.849976],[147.08733,-42.849993],[147.087438,-42.850047],[147.087584,-42.850171],[147.087658,-42.850282],[147.087675,-42.850305],[147.087729,-42.850376],[147.087732,-42.850379],[147.087786,-42.850437],[147.087874,-42.850517],[147.088045,-42.850624],[147.088065,-42.850632],[147.088207,-42.850687],[147.088345,-42.850726],[147.088612,-42.850775],[147.088621,-42.850776],[147.088684,-42.850787],[147.088705,-42.850806],[147.088782,-42.850887],[147.088841,-42.850939],[147.088884,-42.850972],[147.088982,-42.851051],[147.089081,-42.851115],[147.089168,-42.85116],[147.089237,-42.851377],[147.089263,-42.851439],[147.089296,-42.851501],[147.089336,-42.851563],[147.089372,-42.851603],[147.08941,-42.851641],[147.089561,-42.851748],[147.089589,-42.851762],[147.089678,-42.851819],[147.089777,-42.851871],[147.089901,-42.851911],[147.090223,-42.851984],[147.090226,-42.851985],[147.090528,-42.852053],[147.090761,-42.852112],[147.090793,-42.852119],[147.091136,-42.852191],[147.091397,-42.852251],[147.091407,-42.852253],[147.09162,-42.852299],[147.091701,-42.852312],[147.091947,-42.852339],[147.091954,-42.85234],[147.092251,-42.852371],[147.092294,-42.852374],[147.092568,-42.852388],[147.092665,-42.852399],[147.09272,-42.85241],[147.092805,-42.852431],[147.093033,-42.852497],[147.093067,-42.852527],[147.093122,-42.852584],[147.093132,-42.852599],[147.093239,-42.852785],[147.093273,-42.852834],[147.09329,-42.852855],[147.093305,-42.852871],[147.09337,-42.852973],[147.093394,-42.853006],[147.093408,-42.853023],[147.09346,-42.853083],[147.093489,-42.853114],[147.093584,-42.853206],[147.093606,-42.853226],[147.093699,-42.853305],[147.093738,-42.853335],[147.09399,-42.853514],[147.094116,-42.853653],[147.094308,-42.853934],[147.094414,-42.854122],[147.094431,-42.854149],[147.094611,-42.854417],[147.09463,-42.854442],[147.094633,-42.854447],[147.094726,-42.854561],[147.094785,-42.854645],[147.094799,-42.854664],[147.094841,-42.85471],[147.094867,-42.854736],[147.094957,-42.854806],[147.094978,-42.854819],[147.094997,-42.854833],[147.094986,-42.854907],[147.094982,-42.854957],[147.094982,-42.854963],[147.094987,-42.855184],[147.094955,-42.855364],[147.094951,-42.855398],[147.094943,-42.855507],[147.09492,-42.855732],[147.094918,-42.855766],[147.094925,-42.855833],[147.094951,-42.855958],[147.09498,-42.856152],[147.095024,-42.856276],[147.095165,-42.856522],[147.095174,-42.856537],[147.095158,-42.856624],[147.095153,-42.856668],[147.095145,-42.856853],[147.095145,-42.856868],[147.095161,-42.85697],[147.095215,-42.857139],[147.095253,-42.857409],[147.095262,-42.857452],[147.095334,-42.85771],[147.095356,-42.857769],[147.095444,-42.857956],[147.095423,-42.858016],[147.095394,-42.858142],[147.095385,-42.858217],[147.095395,-42.858296],[147.095407,-42.858348],[147.09548,-42.858494],[147.095505,-42.858523],[147.095559,-42.858582],[147.095665,-42.858668],[147.095757,-42.858726],[147.095851,-42.858775],[147.095903,-42.858795],[147.09603,-42.858838],[147.096159,-42.858888],[147.096196,-42.859008],[147.096212,-42.859051],[147.096246,-42.859125],[147.096254,-42.859141],[147.096312,-42.859255],[147.096355,-42.859321],[147.096428,-42.859395],[147.096484,-42.859441],[147.096483,-42.859468],[147.096412,-42.85964],[147.096388,-42.859735],[147.096365,-42.859956],[147.096364,-42.859988],[147.096363,-42.860092],[147.096363,-42.860095],[147.096377,-42.86019],[147.096395,-42.860251],[147.096455,-42.86037],[147.09649,-42.860417],[147.096498,-42.860428],[147.096548,-42.860482],[147.096607,-42.860536],[147.096654,-42.860575],[147.096755,-42.860649],[147.09677,-42.860659],[147.096813,-42.860726],[147.096841,-42.8608],[147.096901,-42.860904],[147.096991,-42.860991],[147.09706,-42.861044],[147.097143,-42.861143],[147.097187,-42.861189],[147.097293,-42.861287],[147.097374,-42.861385],[147.097391,-42.861404],[147.09749,-42.861509],[147.097518,-42.861569],[147.097545,-42.86163],[147.097588,-42.8617],[147.097589,-42.86178],[147.097597,-42.861842],[147.097626,-42.861981],[147.097639,-42.862027],[147.097724,-42.862261],[147.097802,-42.862514],[147.097824,-42.86257],[147.097875,-42.862671],[147.097908,-42.862775],[147.097974,-42.862896],[147.09809,-42.863001],[147.098303,-42.863146],[147.09841,-42.863204],[147.098621,-42.863294],[147.098649,-42.863314],[147.098649,-42.863341],[147.098649,-42.863352],[147.098654,-42.863475],[147.098678,-42.863588],[147.098721,-42.863697],[147.09875,-42.863755],[147.09881,-42.863854],[147.098839,-42.863896],[147.098971,-42.864012],[147.099194,-42.864153],[147.099313,-42.864298],[147.099512,-42.864565],[147.099593,-42.86468],[147.099607,-42.864699],[147.099654,-42.86475],[147.099804,-42.864893],[147.100066,-42.865162],[147.100223,-42.865274],[147.100341,-42.865333],[147.100343,-42.865334],[147.100345,-42.865336],[147.100348,-42.865353],[147.100355,-42.865435],[147.100357,-42.865452],[147.100374,-42.865569],[147.100403,-42.865665],[147.100432,-42.865729],[147.100483,-42.865812],[147.100565,-42.865893],[147.100596,-42.865918],[147.100615,-42.865937],[147.100808,-42.866065],[147.100914,-42.866101],[147.101023,-42.866128],[147.101079,-42.86614],[147.101233,-42.866168],[147.101344,-42.86618],[147.101542,-42.866188],[147.101706,-42.866205],[147.101711,-42.866205],[147.10184,-42.866218],[147.102028,-42.866251],[147.102082,-42.866265],[147.102187,-42.8663],[147.102272,-42.866322],[147.102382,-42.866345],[147.102448,-42.866356],[147.102582,-42.866372],[147.102614,-42.866375],[147.102846,-42.866395],[147.103048,-42.866422],[147.103224,-42.866453],[147.103495,-42.866519],[147.103624,-42.86654],[147.103976,-42.866567],[147.104236,-42.866603],[147.104265,-42.866607],[147.104581,-42.866639],[147.104972,-42.86669],[147.104973,-42.86669],[147.105236,-42.866724],[147.105265,-42.866727],[147.105497,-42.866748],[147.105575,-42.866752],[147.105627,-42.86675],[147.105714,-42.866744],[147.105707,-42.866764]],[[147.131856,-42.882387],[147.132019,-42.882377],[147.132036,-42.882376],[147.132212,-42.882362],[147.132254,-42.88236],[147.132267,-42.882365],[147.132277,-42.882376],[147.132339,-42.882509],[147.132389,-42.88259],[147.132406,-42.88261],[147.132515,-42.882733],[147.132602,-42.88281],[147.132736,-42.882906],[147.132835,-42.882984],[147.132978,-42.883067],[147.133034,-42.883088],[147.133156,-42.883128],[147.133258,-42.883154],[147.133442,-42.883187],[147.133493,-42.883195],[147.133532,-42.883199],[147.133626,-42.883248],[147.133775,-42.883327],[147.133808,-42.883344],[147.133963,-42.883415],[147.134123,-42.883505],[147.134288,-42.883599],[147.134571,-42.883773],[147.134586,-42.883782],[147.135002,-42.884022],[147.135219,-42.884176],[147.135506,-42.884394],[147.135607,-42.884489],[147.135628,-42.884509],[147.13574,-42.884603],[147.135896,-42.884697],[147.136203,-42.884756],[147.136366,-42.88474],[147.136533,-42.884706],[147.13662,-42.884683],[147.136794,-42.884626],[147.136966,-42.884577],[147.137075,-42.884556],[147.137122,-42.884545],[147.137347,-42.884487],[147.137387,-42.884475],[147.137629,-42.884398],[147.137693,-42.884375],[147.137808,-42.884312],[147.138041,-42.884148],[147.138126,-42.884075],[147.138188,-42.884009],[147.138325,-42.883916],[147.13839,-42.883866],[147.138488,-42.883776],[147.138524,-42.88377],[147.138561,-42.883788],[147.13858,-42.883784],[147.138624,-42.883811],[147.138627,-42.883812],[147.138762,-42.883893],[147.138863,-42.884029],[147.13896,-42.884168],[147.139031,-42.884283],[147.139063,-42.884345],[147.139072,-42.884369],[147.139076,-42.884393],[147.139077,-42.884414],[147.139074,-42.884432],[147.139044,-42.884517],[147.139023,-42.884562],[147.13896,-42.884656],[147.138942,-42.884688],[147.138818,-42.884918],[147.138727,-42.885041],[147.138657,-42.885136],[147.1386,-42.885243],[147.138579,-42.885305],[147.138562,-42.885394],[147.138558,-42.885461],[147.138557,-42.885482],[147.138594,-42.885634],[147.138632,-42.885711],[147.138678,-42.885784],[147.138706,-42.885817],[147.138765,-42.885878],[147.138932,-42.885997],[147.139041,-42.886049],[147.13907,-42.886062],[147.139106,-42.886076],[147.139212,-42.886114],[147.139209,-42.886123],[147.13918,-42.886168],[147.139166,-42.886191],[147.139116,-42.88628],[147.139079,-42.886376],[147.139072,-42.886405],[147.139044,-42.88644],[147.139038,-42.886448],[147.13885,-42.8867],[147.138849,-42.886701],[147.138661,-42.886953],[147.138658,-42.886957],[147.138562,-42.88709],[147.138542,-42.887121],[147.138467,-42.887247],[147.138422,-42.887364],[147.138388,-42.887533],[147.138388,-42.887536],[147.138382,-42.887569],[147.138344,-42.887623],[147.138247,-42.887719],[147.138209,-42.887762],[147.138138,-42.887903],[147.138114,-42.887996],[147.138104,-42.888061],[147.1381,-42.888132],[147.138099,-42.888151],[147.138118,-42.88826],[147.138143,-42.888334],[147.138154,-42.888364],[147.138189,-42.888442],[147.138196,-42.88847],[147.138205,-42.888548],[147.138226,-42.888633],[147.138244,-42.88868],[147.13839,-42.889198],[147.138395,-42.889215],[147.13848,-42.889465],[147.138486,-42.889525],[147.138453,-42.889637],[147.138443,-42.889683],[147.138427,-42.889795],[147.138399,-42.889881],[147.13837,-42.889965],[147.138345,-42.890005],[147.138296,-42.89002],[147.138255,-42.890029],[147.138231,-42.890034],[147.13807,-42.890075],[147.137697,-42.890135],[147.137301,-42.890164],[147.137102,-42.890176],[147.136963,-42.890197],[147.136717,-42.890256],[147.136587,-42.890269],[147.13646,-42.890293],[147.13617,-42.890373],[147.136077,-42.890405],[147.135918,-42.890503],[147.135824,-42.890584],[147.135801,-42.8906],[147.135707,-42.890688],[147.135683,-42.890717],[147.135676,-42.890726],[147.13561,-42.890849],[147.1356,-42.890881],[147.135585,-42.890975],[147.135584,-42.891007],[147.135584,-42.891016],[147.135596,-42.891103],[147.135604,-42.891135],[147.135642,-42.891225],[147.135681,-42.89129],[147.135713,-42.891337],[147.135758,-42.891395],[147.135759,-42.891396],[147.135929,-42.891528],[147.135884,-42.891576],[147.135609,-42.894849],[147.135119,-42.894923],[147.134422,-42.895291],[147.133462,-42.895512],[147.132991,-42.895914],[147.131501,-42.896877],[147.130655,-42.897504],[147.129679,-42.898396],[147.129065,-42.899035],[147.128706,-42.899759],[147.128474,-42.900075],[147.127991,-42.90042],[147.127275,-42.901095],[147.126523,-42.901757],[147.125427,-42.903065],[147.12409,-42.9043],[147.123505,-42.904999],[147.123312,-42.905432],[147.12331,-42.905858],[147.123404,-42.906375],[147.123348,-42.906641],[147.122929,-42.907094],[147.122627,-42.907534],[147.122279,-42.907865],[147.121173,-42.908685],[147.120032,-42.909384],[147.119543,-42.909625],[147.118848,-42.909812],[147.118045,-42.910518],[147.117427,-42.911144],[147.116876,-42.911988],[147.116334,-42.912506],[147.115411,-42.913025],[147.114563,-42.913411],[147.114075,-42.913531],[147.112507,-42.913758],[147.111656,-42.913823],[147.110154,-42.914138],[147.109195,-42.91444],[147.108968,-42.914599],[147.108511,-42.915179],[147.108124,-42.915455],[147.10771,-42.915633],[147.106545,-42.916132],[147.105467,-42.916475],[147.104488,-42.916926],[147.103149,-42.918359],[147.1028,-42.918954],[147.102637,-42.919417],[147.102552,-42.920012],[147.102313,-42.920828],[147.101538,-42.922477],[147.100897,-42.923548],[147.099905,-42.92436],[147.099294,-42.925018],[147.098376,-42.925739],[147.097994,-42.925972],[147.09736,-42.926262],[147.096772,-42.926506],[147.096104,-42.926961],[147.095365,-42.927948],[147.094348,-42.928624],[147.094018,-42.928813],[147.093131,-42.929025],[147.092065,-42.929541],[147.091392,-42.930008],[147.090449,-42.93054],[147.089715,-42.931036],[147.089096,-42.931555],[147.088564,-42.932117],[147.088063,-42.932631],[147.087638,-42.932869],[147.086892,-42.93316],[147.086159,-42.93326],[147.085667,-42.933278],[147.083729,-42.932676],[147.081454,-42.932177],[147.080653,-42.932246],[147.080212,-42.932179],[147.079856,-42.931895],[147.079642,-42.931412],[147.079449,-42.930254],[147.079203,-42.929212],[147.07918,-42.928954],[147.079273,-42.928159],[147.07953,-42.927268],[147.080015,-42.926281],[147.080886,-42.924306],[147.08124,-42.923414],[147.081609,-42.922825],[147.081792,-42.922643],[147.081939,-42.922474],[147.082345,-42.922185],[147.082582,-42.922],[147.08293,-42.921583],[147.083416,-42.920764],[147.083934,-42.919921],[147.084148,-42.919603],[147.084943,-42.918621],[147.085608,-42.91759],[147.085846,-42.917054],[147.086703,-42.915657],[147.087301,-42.914189],[147.087954,-42.913275],[147.088096,-42.912964],[147.088174,-42.912549],[147.088026,-42.911942],[147.088038,-42.911645],[147.088135,-42.911442],[147.088491,-42.911311],[147.088754,-42.911104],[147.088735,-42.910798],[147.088063,-42.910335],[147.087384,-42.908728],[147.087354,-42.908217],[147.087428,-42.907807],[147.087309,-42.90771],[147.087138,-42.907656],[147.086966,-42.907666],[147.086793,-42.907707],[147.08648,-42.907929],[147.08564,-42.908679],[147.084972,-42.909351],[147.084005,-42.909982],[147.082886,-42.910923],[147.082219,-42.911713],[147.080652,-42.913154],[147.080157,-42.913314],[147.079324,-42.91333],[147.078744,-42.913282],[147.078466,-42.913259],[147.077626,-42.912958],[147.077087,-42.91268],[147.076337,-42.912153],[147.075995,-42.911816],[147.075513,-42.911119],[147.075131,-42.910866],[147.074792,-42.910759],[147.073648,-42.91076],[147.072914,-42.910786],[147.07233,-42.910754],[147.072239,-42.910749],[147.071195,-42.91057],[147.070487,-42.910301],[147.069782,-42.910145],[147.068591,-42.91001],[147.05855,-42.911956],[147.058149,-42.910464],[147.057209,-42.906351],[147.055236,-42.904112],[147.055556,-42.903004],[147.055899,-42.900964],[147.056265,-42.899021],[147.057586,-42.898245],[147.058471,-42.896424],[147.060327,-42.895021],[147.061369,-42.893541],[147.061347,-42.893504],[147.061518,-42.893503],[147.061726,-42.893474],[147.06191,-42.893424],[147.062002,-42.893392],[147.062144,-42.893309],[147.062204,-42.893262],[147.062254,-42.893217],[147.06234,-42.893129],[147.062372,-42.893092],[147.062402,-42.89305],[147.062407,-42.893041],[147.062418,-42.89303],[147.062462,-42.892982],[147.062498,-42.892927],[147.062539,-42.892853],[147.062608,-42.892745],[147.062636,-42.892695],[147.0627,-42.892554],[147.062731,-42.892411],[147.062717,-42.892316],[147.062664,-42.892136],[147.062771,-42.892085],[147.062798,-42.892072],[147.063016,-42.891955],[147.063025,-42.89195],[147.063207,-42.891849],[147.063421,-42.891771],[147.063455,-42.891757],[147.063527,-42.891722],[147.063626,-42.891665],[147.063689,-42.891635],[147.063884,-42.89158],[147.063945,-42.89156],[147.064046,-42.891522],[147.064073,-42.891511],[147.064169,-42.891461],[147.064285,-42.891387],[147.064487,-42.89133],[147.064584,-42.891308],[147.064783,-42.891286],[147.064784,-42.891286],[147.065083,-42.891252],[147.065154,-42.891255],[147.065168,-42.891259],[147.06529,-42.891308],[147.065449,-42.891378],[147.06546,-42.891383],[147.065548,-42.891414],[147.065677,-42.89145],[147.065763,-42.891469],[147.065873,-42.891487],[147.065901,-42.891491],[147.066079,-42.891513],[147.066169,-42.89152],[147.066444,-42.891524],[147.066458,-42.891524],[147.066506,-42.891523],[147.066818,-42.891504],[147.066827,-42.891504],[147.067257,-42.891474],[147.067546,-42.891474],[147.067593,-42.891473],[147.067831,-42.891459],[147.068091,-42.8914],[147.068093,-42.891399],[147.068282,-42.891318],[147.068441,-42.891221],[147.068545,-42.891131],[147.068593,-42.891084],[147.068606,-42.891068],[147.06862,-42.89106],[147.068699,-42.891004],[147.068821,-42.890901],[147.068914,-42.890822],[147.069001,-42.890771],[147.069096,-42.8907],[147.069188,-42.890614],[147.069238,-42.89056],[147.06932,-42.890336],[147.069316,-42.890288],[147.069304,-42.890203],[147.06923,-42.890032],[147.069199,-42.889991],[147.069194,-42.889985],[147.069178,-42.889966],[147.069111,-42.889889],[147.069102,-42.889879],[147.068988,-42.889758],[147.068934,-42.889645],[147.068918,-42.889581],[147.068898,-42.889524],[147.068872,-42.889463],[147.068887,-42.88946],[147.068927,-42.889441],[147.068994,-42.889408],[147.06907,-42.889363],[147.069172,-42.889291],[147.06928,-42.88919],[147.069282,-42.889186],[147.069297,-42.889177],[147.069413,-42.889139],[147.069452,-42.889143],[147.069559,-42.889166],[147.069667,-42.889193],[147.069773,-42.889232],[147.070048,-42.88928],[147.070049,-42.88928],[147.070174,-42.88928],[147.070309,-42.889269],[147.070432,-42.889248],[147.070616,-42.88922],[147.070792,-42.8892],[147.071028,-42.889189],[147.071296,-42.88913],[147.07132,-42.889119],[147.071451,-42.889057],[147.071695,-42.889007],[147.071839,-42.888963],[147.071957,-42.888898],[147.072062,-42.888824],[147.072066,-42.888821],[147.072116,-42.888785],[147.072219,-42.888747],[147.072312,-42.888722],[147.072408,-42.888689],[147.072455,-42.888667],[147.072516,-42.888635],[147.072636,-42.888619],[147.072699,-42.888608],[147.072934,-42.888558],[147.072982,-42.888552],[147.073089,-42.888565],[147.073161,-42.88857],[147.073349,-42.888576],[147.073376,-42.888577],[147.073477,-42.88857],[147.073652,-42.888549],[147.073817,-42.88851],[147.074026,-42.888437],[147.074051,-42.888427],[147.074168,-42.888381],[147.074184,-42.888374],[147.074277,-42.888326],[147.074451,-42.888216],[147.074607,-42.888119],[147.074664,-42.888079],[147.074721,-42.888034],[147.074839,-42.888014],[147.074936,-42.887991],[147.075117,-42.887935],[147.07533,-42.887907],[147.075856,-42.887885],[147.076103,-42.887889],[147.076117,-42.887889],[147.076159,-42.887888],[147.076461,-42.887872],[147.076679,-42.887831],[147.077001,-42.88772],[147.077048,-42.887702],[147.077084,-42.887686],[147.077301,-42.887578],[147.077409,-42.88751],[147.077484,-42.88745],[147.077534,-42.887432],[147.077538,-42.88743],[147.077687,-42.887374],[147.077872,-42.887337],[147.078018,-42.887292],[147.078091,-42.887256],[147.07825,-42.887164],[147.078357,-42.887084],[147.078411,-42.887031],[147.07847,-42.887022],[147.078821,-42.886972],[147.078915,-42.886953],[147.0794,-42.886824],[147.079486,-42.886795],[147.079745,-42.88669],[147.079749,-42.886689],[147.07992,-42.886618],[147.080045,-42.886571],[147.080322,-42.886513],[147.080386,-42.886496],[147.080599,-42.886431],[147.080672,-42.886405],[147.080722,-42.886381],[147.080926,-42.886274],[147.081049,-42.886189],[147.081183,-42.886066],[147.081235,-42.886009],[147.081312,-42.885841],[147.081341,-42.885672],[147.081346,-42.885615],[147.081345,-42.885602],[147.081344,-42.885563],[147.081355,-42.885531],[147.081368,-42.885514],[147.081465,-42.885419],[147.081618,-42.885276],[147.081644,-42.885251],[147.081757,-42.885129],[147.081867,-42.885017],[147.08199,-42.8849],[147.082106,-42.88479],[147.082153,-42.884739],[147.082166,-42.884721],[147.082259,-42.88459],[147.082356,-42.884483],[147.082485,-42.88435],[147.082512,-42.88432],[147.082679,-42.884114],[147.082683,-42.884108],[147.082744,-42.884001],[147.082811,-42.883819],[147.082832,-42.883702],[147.082832,-42.883525],[147.082879,-42.883557],[147.082945,-42.883597],[147.083099,-42.883678],[147.083117,-42.883712],[147.083137,-42.883746],[147.083296,-42.883988],[147.083315,-42.884014],[147.083508,-42.884265],[147.083678,-42.884536],[147.083703,-42.884572],[147.083713,-42.884584],[147.083846,-42.884741],[147.08393,-42.884869],[147.083954,-42.885079],[147.083998,-42.885212],[147.084065,-42.885332],[147.084102,-42.885386],[147.084327,-42.885551],[147.084372,-42.885568],[147.084672,-42.885672],[147.084873,-42.885712],[147.084977,-42.88572],[147.085103,-42.885734],[147.085133,-42.885737],[147.085368,-42.885755],[147.085512,-42.885771],[147.085689,-42.885815],[147.085713,-42.885821],[147.085982,-42.885879],[147.086018,-42.885886],[147.086261,-42.885927],[147.08628,-42.88593],[147.08654,-42.885967],[147.086794,-42.886036],[147.086891,-42.886055],[147.087276,-42.886109],[147.087308,-42.886113],[147.087517,-42.886133],[147.087525,-42.886134],[147.087622,-42.886143],[147.087742,-42.886176],[147.087926,-42.886267],[147.087961,-42.886283],[147.087984,-42.886292],[147.088247,-42.886393],[147.088358,-42.886426],[147.088613,-42.886481],[147.088643,-42.886487],[147.088888,-42.88653],[147.089016,-42.886658],[147.089151,-42.886806],[147.08922,-42.886869],[147.089442,-42.887038],[147.089504,-42.887079],[147.089701,-42.887192],[147.089773,-42.887229],[147.089797,-42.887238],[147.090006,-42.887318],[147.090135,-42.887354],[147.090417,-42.887408],[147.090496,-42.887419],[147.090772,-42.887444],[147.091034,-42.887469],[147.091114,-42.887472],[147.091322,-42.887472],[147.091466,-42.887497],[147.091483,-42.8875],[147.091746,-42.887539],[147.0918,-42.887546],[147.09208,-42.887569],[147.092403,-42.887634],[147.092477,-42.887645],[147.092719,-42.88767],[147.092807,-42.887675],[147.092867,-42.887673],[147.093115,-42.887655],[147.093469,-42.887676],[147.09352,-42.887677],[147.093597,-42.887674],[147.093912,-42.887644],[147.094061,-42.887641],[147.094164,-42.887671],[147.094337,-42.8877],[147.094542,-42.887713],[147.094588,-42.887714],[147.094753,-42.887715],[147.094821,-42.887717],[147.094871,-42.887733],[147.095094,-42.887801],[147.095149,-42.887815],[147.095378,-42.887866],[147.095603,-42.887936],[147.095711,-42.887961],[147.095892,-42.88799],[147.096083,-42.888027],[147.096263,-42.888071],[147.096459,-42.888129],[147.096752,-42.888219],[147.097042,-42.888319],[147.097168,-42.888351],[147.097461,-42.8884],[147.097766,-42.88848],[147.097849,-42.888497],[147.098098,-42.888534],[147.09812,-42.888538],[147.098132,-42.888545],[147.098279,-42.888654],[147.098311,-42.888675],[147.098445,-42.888761],[147.098574,-42.888862],[147.098689,-42.888981],[147.098725,-42.889015],[147.098949,-42.889207],[147.099083,-42.889358],[147.099147,-42.889439],[147.099186,-42.889482],[147.099278,-42.889572],[147.099329,-42.889628],[147.099396,-42.889691],[147.09946,-42.88974],[147.099611,-42.88986],[147.099674,-42.889903],[147.099812,-42.889986],[147.099893,-42.890028],[147.099902,-42.890031],[147.100015,-42.890077],[147.100096,-42.890104],[147.10021,-42.890136],[147.100303,-42.890164],[147.10041,-42.890187],[147.10052,-42.890204],[147.100606,-42.890212],[147.100673,-42.890215],[147.100711,-42.890216],[147.101018,-42.890156],[147.101064,-42.890134],[147.101135,-42.890097],[147.101248,-42.890022],[147.101264,-42.890008],[147.101298,-42.889996],[147.101409,-42.889935],[147.101509,-42.889866],[147.101627,-42.8898],[147.101705,-42.889748],[147.101769,-42.889697],[147.101967,-42.889586],[147.101993,-42.889571],[147.102049,-42.889535],[147.102053,-42.889534],[147.102171,-42.88951],[147.102313,-42.889466],[147.102369,-42.889439],[147.102494,-42.889371],[147.102663,-42.889233],[147.102669,-42.889225],[147.10274,-42.889129],[147.102762,-42.889097],[147.102833,-42.88898],[147.102878,-42.88887],[147.102899,-42.888778],[147.102906,-42.888726],[147.102913,-42.888632],[147.102922,-42.888621],[147.102929,-42.888612],[147.102941,-42.888596],[147.102952,-42.888596],[147.103236,-42.88861],[147.103298,-42.888621],[147.103447,-42.888634],[147.103655,-42.888608],[147.103923,-42.888537],[147.104065,-42.888522],[147.104263,-42.888475],[147.104363,-42.888436],[147.104404,-42.888447],[147.104639,-42.888501],[147.104729,-42.888523],[147.104895,-42.888567],[147.105028,-42.888591],[147.105305,-42.888617],[147.105359,-42.88862],[147.105578,-42.888626],[147.105946,-42.888723],[147.105998,-42.888734],[147.106242,-42.888781],[147.106589,-42.888873],[147.106778,-42.888927],[147.106929,-42.88898],[147.106946,-42.888985],[147.106991,-42.889],[147.107049,-42.889038],[147.107313,-42.889215],[147.107347,-42.889236],[147.107589,-42.889376],[147.107872,-42.889556],[147.107924,-42.889586],[147.108104,-42.889678],[147.108148,-42.889698],[147.108167,-42.889706],[147.108372,-42.889786],[147.108595,-42.889872],[147.108602,-42.889875],[147.108774,-42.889939],[147.109053,-42.889988],[147.109217,-42.889972],[147.109413,-42.889932],[147.109489,-42.889912],[147.1096,-42.889878],[147.109681,-42.889863],[147.109819,-42.889824],[147.109903,-42.889791],[147.109924,-42.889783],[147.109975,-42.889759],[147.110081,-42.889702],[147.110212,-42.889609],[147.110402,-42.889748],[147.110709,-42.889808],[147.110733,-42.889808],[147.110916,-42.889803],[147.111059,-42.88981],[147.111102,-42.889811],[147.111159,-42.889809],[147.111293,-42.8898],[147.111398,-42.889786],[147.111536,-42.889758],[147.111681,-42.889713],[147.111801,-42.889647],[147.111844,-42.889616],[147.111863,-42.889613],[147.111891,-42.889609],[147.112175,-42.889563],[147.112254,-42.889546],[147.112539,-42.889468],[147.11261,-42.889445],[147.112752,-42.889391],[147.112776,-42.889381],[147.112847,-42.889346],[147.112956,-42.889283],[147.113043,-42.889222],[147.113123,-42.889153],[147.113333,-42.88901],[147.113395,-42.888961],[147.113521,-42.888845],[147.113575,-42.888818],[147.113787,-42.88874],[147.113795,-42.888736],[147.114009,-42.888655],[147.114032,-42.888645],[147.114039,-42.888642],[147.114197,-42.888573],[147.114213,-42.888566],[147.114268,-42.88854],[147.114353,-42.888512],[147.114413,-42.88849],[147.114419,-42.888487],[147.114532,-42.888438],[147.114682,-42.888346],[147.114795,-42.888251],[147.114863,-42.88818],[147.114881,-42.888157],[147.11496,-42.88804],[147.11502,-42.887891],[147.115037,-42.887786],[147.11504,-42.887743],[147.115047,-42.887739],[147.115121,-42.887697],[147.115217,-42.887632],[147.115222,-42.887629],[147.115347,-42.887543],[147.115406,-42.887496],[147.115494,-42.887416],[147.115513,-42.887398],[147.115557,-42.887353],[147.11557,-42.887349],[147.115595,-42.887349],[147.115657,-42.887347],[147.115804,-42.887336],[147.115881,-42.887326],[147.11589,-42.887325],[147.11629,-42.88731],[147.116376,-42.887303],[147.116433,-42.887295],[147.116534,-42.887274],[147.116635,-42.887245],[147.116693,-42.887227],[147.116986,-42.887119],[147.117266,-42.887046],[147.117371,-42.887011],[147.117381,-42.887007],[147.117569,-42.886924],[147.117584,-42.886917],[147.11839,-42.886534],[147.118504,-42.886465],[147.118603,-42.886388],[147.11875,-42.886317],[147.118785,-42.886299],[147.119054,-42.886148],[147.11906,-42.886144],[147.119196,-42.886066],[147.119261,-42.886023],[147.119432,-42.885891],[147.119536,-42.885836],[147.119569,-42.885822],[147.119784,-42.885757],[147.119845,-42.885741],[147.120039,-42.88571],[147.120341,-42.885673],[147.120377,-42.885668],[147.120697,-42.885615],[147.120812,-42.885586],[147.120971,-42.885534],[147.121027,-42.885513],[147.121143,-42.885449],[147.121306,-42.885335],[147.121379,-42.885274],[147.121389,-42.885264],[147.121417,-42.885254],[147.121475,-42.885237],[147.121576,-42.88522],[147.12161,-42.885219],[147.121842,-42.885177],[147.122126,-42.88508],[147.122175,-42.885062],[147.122187,-42.885057],[147.122255,-42.885026],[147.122277,-42.885017],[147.122298,-42.885009],[147.122355,-42.884982],[147.122447,-42.884931],[147.122662,-42.884836],[147.122716,-42.88481],[147.122906,-42.884704],[147.123027,-42.884657],[147.123344,-42.884585],[147.123405,-42.884569],[147.12366,-42.884489],[147.123703,-42.884474],[147.12405,-42.88434],[147.124162,-42.884318],[147.124242,-42.884306],[147.124348,-42.884283],[147.12452,-42.884232],[147.124983,-42.88412],[147.125422,-42.884048],[147.125505,-42.884029],[147.125814,-42.883943],[147.125904,-42.883911],[147.125905,-42.883911],[147.126035,-42.883855],[147.126232,-42.883721],[147.126324,-42.883623],[147.12635,-42.883593],[147.126365,-42.883572],[147.12638,-42.88355],[147.126622,-42.88337],[147.12663,-42.883366],[147.12673,-42.883334],[147.12675,-42.883328],[147.127005,-42.883238],[147.127048,-42.883221],[147.127081,-42.883207],[147.127387,-42.883057],[147.128047,-42.882865],[147.128062,-42.88286],[147.128603,-42.88269],[147.128741,-42.882657],[147.129151,-42.882586],[147.129409,-42.882547],[147.129544,-42.882515],[147.129847,-42.882411],[147.129903,-42.882405],[147.130182,-42.882399],[147.130443,-42.882398],[147.13068,-42.882416],[147.130913,-42.882447],[147.130972,-42.882453],[147.131199,-42.882467],[147.131252,-42.882468],[147.131366,-42.88246],[147.131696,-42.882414],[147.131721,-42.88241],[147.131856,-42.882387]],[[147.1077282,-42.9316243],[147.1071456,-42.9315629],[147.1064159,-42.9314859],[147.1064117,-42.9314855],[147.1063445,-42.9314784],[147.1038312,-42.9312134],[147.1038273,-42.9312128],[147.1038234,-42.9312123],[147.1046256,-42.9271117],[147.1071286,-42.9273737],[147.109659,-42.9276385],[147.1098604,-42.9276596],[147.1097795,-42.9280708],[147.1096415,-42.9287809],[147.1094057,-42.9299944],[147.1092013,-42.9310463],[147.1090616,-42.9317648],[147.1077282,-42.9316243]],[[146.9942006,-42.8644039],[146.9942005,-42.8644043],[146.9934544,-42.8643009],[146.9929948,-42.8642372],[146.99257,-42.8641807],[146.9923103,-42.8641461],[146.9918434,-42.8640839],[146.9920472,-42.8633502],[146.9922357,-42.8626719],[146.9933999,-42.8624592],[146.9934784,-42.8624449],[146.9941144,-42.862475],[146.9944448,-42.8624906],[146.994445,-42.862491],[146.9944532,-42.8625086],[146.9945913,-42.862803],[146.9944216,-42.8634983],[146.9942006,-42.8644039]]]]}},
{"type":"Feature","properties":{"fid":13,"OBJECTID":14,"Management_Zone":"Natural Zone","Area":null,"Shape_Length":14109.958666144603,"Shape_Area":3338484.2485551117,"AF_CONF":52,"Management_Authority":"Wellington Park Management Trust","Management_Plan":"Wellington Park Management Plan","Zone_Name":"Natural Zone"},"geometry":{"type":"MultiPolygon","coordinates":[[[[147.231813,-42.88912],[147.230791,-42.888848],[147.229335,-42.888497],[147.228799,-42.888357],[147.228703,-42.888256],[147.22856,-42.888102],[147.228371,-42.887989],[147.228112,-42.887903],[147.226928,-42.887844],[147.225803,-42.887782],[147.22518,-42.887746],[147.224853,-42.887694],[147.224682,-42.887612],[147.224355,-42.887462],[147.224166,-42.887404],[147.223928,-42.887343],[147.22358,-42.887236],[147.223371,-42.887162],[147.223216,-42.887064],[147.223111,-42.886957],[147.222977,-42.886828],[147.222767,-42.886699],[147.222591,-42.886564],[147.222398,-42.886438],[147.222256,-42.886328],[147.222214,-42.886227],[147.222171,-42.886098],[147.222129,-42.885953],[147.222161,-42.885587],[147.22216,-42.885287],[147.222042,-42.885171],[147.222025,-42.885066],[147.2341445,-42.8829629],[147.2313772,-42.8812733],[147.2282812,-42.8793829],[147.2282812,-42.8793829],[147.228281,-42.8793828],[147.228092,-42.879251],[147.227434,-42.879608],[147.226057,-42.880422],[147.224956,-42.880966],[147.2237374,-42.8820573],[147.223443,-42.882321],[147.2220405,-42.8830129],[147.221791,-42.883136],[147.221375,-42.8835158],[147.220232,-42.884559],[147.2199472,-42.8847127],[147.219806,-42.884789],[147.2192867,-42.8851187],[147.218672,-42.885509],[147.2185939,-42.885575],[147.2184096,-42.8857309],[147.217389,-42.886594],[147.215967,-42.888006],[147.2158766,-42.8883589],[147.2158126,-42.8886089],[147.21581,-42.888619],[147.215805,-42.888644],[147.2160441,-42.8886595],[147.216251,-42.888673],[147.218154,-42.889983],[147.219388,-42.891459],[147.2233,-42.892519],[147.228329,-42.89333],[147.232576,-42.894307],[147.234701,-42.895042],[147.23544,-42.895338],[147.2354398,-42.8953375],[147.235304,-42.89501],[147.23574,-42.894383],[147.236722,-42.893523],[147.238251,-42.894451],[147.23868,-42.894659],[147.23949,-42.89513],[147.23922,-42.89624],[147.238132,-42.896101],[147.237597,-42.897028],[147.237142,-42.897805],[147.235927,-42.897542],[147.236777,-42.896796],[147.236547,-42.896582],[147.236304,-42.896403],[147.2362988,-42.8963991],[147.236287,-42.896407],[147.234711,-42.897588],[147.232924,-42.898088],[147.232483,-42.89907],[147.232512,-42.900424],[147.232607,-42.902437],[147.233176,-42.905145],[147.233741,-42.906869],[147.233632,-42.907608],[147.231068,-42.909091],[147.229193,-42.909504],[147.233408,-42.911435],[147.234981,-42.912428],[147.236657,-42.912713],[147.238978,-42.91352],[147.241239,-42.913716],[147.242474,-42.913828],[147.244035,-42.914254],[147.2444243,-42.9143478],[147.244873,-42.913632],[147.245608,-42.91345],[147.2456187,-42.9134473],[147.245612,-42.913438],[147.245138,-42.91282],[147.244221,-42.911523],[147.244082,-42.911136],[147.243846,-42.909802],[147.243797,-42.909024],[147.243929,-42.907504],[147.244138,-42.906489],[147.244323,-42.905459],[147.244325,-42.905093],[147.244132,-42.90477],[147.243695,-42.904307],[147.243388,-42.903914],[147.243055,-42.903367],[147.243062,-42.903017],[147.243248,-42.902497],[147.243682,-42.900983],[147.243826,-42.900398],[147.243866,-42.900035],[147.243756,-42.899605],[147.243759,-42.899356],[147.243861,-42.898744],[147.243986,-42.897606],[147.244147,-42.897052],[147.244375,-42.896387],[147.244531,-42.895855],[147.244593,-42.89552],[147.24465,-42.895138],[147.244643,-42.894739],[147.244613,-42.894333],[147.244532,-42.893909],[147.244464,-42.893709],[147.244232,-42.893199],[147.243799,-42.892545],[147.243588,-42.892038],[147.243012,-42.891224],[147.242458,-42.890795],[147.242093,-42.890547],[147.241649,-42.890412],[147.240787,-42.890242],[147.239833,-42.890056],[147.238967,-42.889938],[147.238235,-42.889906],[147.236679,-42.889872],[147.236337,-42.889938],[147.235935,-42.889821],[147.235454,-42.889789],[147.234482,-42.889495],[147.233967,-42.889343],[147.233482,-42.889295],[147.232964,-42.889326],[147.232767,-42.889327],[147.231813,-42.88912]]]]}},
{"type":"Feature","properties":{"fid":14,"OBJECTID":15,"Management_Zone":"Recreation Zone (Pinnacle Specific Area)","Area":"The Pinnacle","Shape_Length":1372.7950645940316,"Shape_Area":84853.587620368227,"AF_CONF":-1,"Management_Authority":"Wellington Park Management Trust","Management_Plan":"Wellington Park Management Plan","Zone_Name":"Pinnacle Specific Area"},"geometry":{"type":"MultiPolygon","coordinates":[[[[147.23949,-42.89513],[147.23868,-42.894659],[147.238251,-42.894451],[147.236722,-42.893523],[147.23574,-42.894383],[147.235304,-42.89501],[147.2354398,-42.8953375],[147.2354406,-42.8953378],[147.235649,-42.895838],[147.236084,-42.89595],[147.236109,-42.896259],[147.2362988,-42.8963991],[147.236304,-42.896403],[147.236547,-42.896582],[147.236777,-42.896796],[147.235927,-42.897542],[147.237142,-42.897805],[147.237597,-42.897028],[147.238132,-42.896101],[147.23922,-42.89624],[147.23949,-42.89513]]]]}}
]
}
